kind,id,segment,start,end,japanese,korean,status,frame
text,CPRO01.PVR,,,,"うらら
『チャンネル５』のリポーター。
入社２年目。５月３０日生まれの
２２歳。Ｂ型。今はリポーターと
しての自分の方向性すらまだハッ
キリ意識できていないが、いつか
は「銀河一のリポーターになりた
い！」と思っている。","울랄라
『채널 5』의 리포터.
입사 2년 차. 5월 30일생인
22세. B형. 지금은 리포터로서
자신의 방향성조차 아직
뚜렷이 의식하지 못하고 있지만,
언젠가는 「은하 제일의 리포터가
되고 싶다!」고 생각하고 있다.",번역 초안,
text,CPRO02.PVR,,,,"プリン
チャンネル４２のリポーター。
元アイドル。１９歳。ＡＢ型。
裏表が激しく負けず嫌い。うらら
に対して必要以上に対抗意識を燃
やす。親衛隊を伴って登場し、リ
ポート中のうららにちょっかいを
だしてくる。リポーター歴４年。","푸딩
채널 42의 리포터. 전직 아이돌.
19세. AB형. 겉과 속이 심하게
다르고 지기 싫어한다. 울랄라에게
필요 이상으로 대항심을 불태운다.
친위대를 대동해 등장하며, 리포트
중인 울랄라에게 집적거린다.
리포터 경력 4년.",번역 초안,
text,CPRO03.PVR,,,,"ジャガー
宇宙海賊放送局のリポーター。
３５歳。真実に至るためには手段
を選ばぬ危険なオトコ。神出鬼没
で銀河のあらゆる場所からゲリラ
的にリポートを行う。経歴不明。
チャンネル５とは、なんらかの関
係があったという噂だが…","재규어
우주 해적 방송국의 리포터.
35세. 진실에 이르기 위해서는
수단을 가리지 않는 위험한 남자.
신출귀몰하며 은하의 온갖 곳에서
게릴라식으로 리포트한다.
이력 불명. 채널 5와는 어떤 관계가
있었다는 소문이 있지만…",번역 초안,
text,CPRO04.PVR,,,,"ブランク
『チャンネル５』の局長。
視聴率があがることこそ、究極の
快楽であり、また人生そのもので
あると言いきる男。何かと黒い噂
が絶えない。局の放送システムを
自由にできる立場にある。野心家
にして野望家。","블랭크
『채널 5』의 국장. 시청률이
오르는 것이야말로 궁극의
쾌락이며, 또 인생 그 자체라고
단언하는 남자. 이런저런 검은
소문이 끊이지 않는다. 방송국의
방송 시스템을 마음대로 다룰
위치에 있다. 야심가이자 야망가.",번역 초안,
text,CPRO05.PVR,,,,"スペースマイケルジャクソン
銀河を揺るがすスーパースターに
して、時空を越えるスーパーダン
サー。５００年前、彼の踊りエネ
ルギーによってチキュウ滅亡の危
機が回避されたことはあまりにも
有名。現在『チャンネル５』のリ
ポーターとして契約している。","스페이스 마이클 잭슨
은하를 뒤흔드는 슈퍼스타이며,
시공을 뛰어넘는 슈퍼 댄서.
500년 전 그의 춤 에너지로
지구 멸망의 위기가 회피된 것은
너무나 유명하다. 현재
『채널 5』의 리포터로
계약하고 있다.",번역 초안,
text,CPRO06.PVR,,,,"スペースポート作業員
スペースシップ発着を円滑に行う
ために働く鋼の男達！そのタフで
頼もしい働らきっぷりは見ていて
鳥肌が立つほどカッコイイ！謎の
宇宙人に踊らされた犠牲者第一号
という名誉（？）あるやられ役で
もある。","스페이스 포트 작업원
우주선 발착을 원활하게 하기 위해
일하는 강철의 남자들! 그
터프하고 믿음직한 일솜씨는 보고
있으면 소름이 돋을 만큼 멋지다!
수수께끼의 우주인에게 춤추게 된
첫 번째 희생자라는 명예(?) 있는
당하는 역할이기도 하다.",번역 초안,
text,CPRO07.PVR,,,,"スペースポート作業員（肉体派）
スペースシップ発着を円滑に行う
ために働いているヘラクレス達の
群れ。休憩時間には、軽やかなス
テップで踊りながら合唱したりも
する。すごく陽気。みんな歯がキ
レイで笑顔になると口元から光が
こぼれる。","스페이스 포트 작업원(육체파)
우주선 발착을 원활하게 하기 위해
일하는 헤라클레스들의 무리.
휴식 시간에는 경쾌한 스텝으로
춤추며 합창하기도 한다. 무척
명랑하다. 모두 이가 깨끗해서
웃는 얼굴이 되면 입가에서 빛이
흘러나온다.",번역 초안,
text,CPRO08.PVR,,,,"スペースポート作業員（長身）
スペースシップ発着を円滑に行う
ためのオペレート業務を担う男
達。みな「スペース事業団バスケ
ット」の選抜選手で、そのすじで
は結構有名だったりする。作業中
の彼等をわざわざ写真に収めてゆ
く旅行客も多い。","스페이스 포트 작업원(장신)
우주선 발착을 원활하게 하기 위한
운용 업무를 맡은 남자들. 모두
「스페이스 사업단 바스켓」의 선발
선수이며, 그 분야에서는 제법
유명하기도 하다. 작업 중인
그들을 일부러 사진에 담아 가는
여행객도 많다.",번역 초안,
text,CPRO09.PVR,,,,"スペース給仕娘
スペースシップのビュッフェで働
く麗しのウェイトレス。その、趣
味的で、ちょっとえっちいな格好
でのサービスには、男女を問わず
人気が集中。この職につくには結
構な競争率の試験をパスしなけれ
ばならない。","스페이스 급사 아가씨
우주선 뷔페에서 일하는 아름다운
웨이트리스. 취향이 담긴, 조금
야한 차림으로 하는 서비스에는
남녀를 불문하고 인기가 몰린다.
이 직업을 얻으려면 꽤 경쟁률이
높은 시험에 합격해야만 한다.",번역 초안,
text,CPRO10.PVR,,,,"案内嬢
スペースポートのオアシス的存
在。広い広い空港施設内で迷い困
っている乗降客達に笑顔＆やさし
いコトバをなげかけて助けてあげ
るのが仕事。若い案内嬢は素敵だ
が間違いを教えてくる率が高いの
で注意が必要。","안내 아가씨
스페이스 포트의 오아시스 같은
존재. 넓고 넓은 공항 시설 안에서
길 잃고 곤란한 승하차객들에게
미소와 다정한 말을 건네 도와주는
것이 일이다. 젊은 안내 아가씨는
멋지지만 틀린 것을 알려줄
확률이 높으니 주의가 필요하다.",번역 초안,
text,CPRO11.PVR,,,,"搭乗係
スペースシップの搭乗手続きカウ
ンターで業務を行う人達。やって
くる乗客の、外見から推測した年
齢とスペースパスポートに記して
ある実際の年齢とのギャップに驚
くことを密かな楽しみとしている","탑승 담당
우주선 탑승 수속 카운터에서
업무를 보는 사람들. 찾아오는
승객의 외모로 추측한 나이와
스페이스 패스포트에 적힌 실제
나이의 차이에 놀라는 것을
남몰래 즐기고 있다.",번역 초안,
text,CPRO12.PVR,,,,"パイロット
ギャラクシーライン社のスペース
シップ操縦をあずかる宇宙のエー
ス達。厳しい訓練をうける過程で
染み付いてしまった堅苦しい口調
と雰囲気をピンクの制服で和らげ
ている。つい敬礼してしまうのが
共通の癖である。","파일럿
갤럭시 라인사의 우주선 조종을
맡은 우주의 에이스들. 엄격한
훈련을 받는 과정에서 몸에 밴
딱딱한 말투와 분위기를 분홍색
제복으로 누그러뜨리고 있다.
무심코 경례해 버리는 것이
공통의 버릇이다.",번역 초안,
text,CPRO13.PVR,,,,"中年の女性
はたからみると定冠詞をつけて
「ジ・おばさん」とでも呼びたく
なるようなヒトにしか見えぬのだ
が、実はスペース秘密機関のセク
ソロジスト。自国のスパイに、相
手国での諜報活動に役立つ最上級
のテクニックを教えている。","중년 여성
옆에서 보면 정관사를 붙여
「더 아줌마」라고라도 부르고
싶어질 사람으로밖에 안 보이지만,
실은 우주 비밀 기관의
섹솔로지스트. 자국의 스파이에게
상대국 첩보 활동에 도움 되는
최상급 테크닉을 가르치고 있다.",번역 초안,
text,CPRO14.PVR,,,,"ミドリ女性
ロケ地に向かう途中のスペース女
優。結構な高齢にもかかわらず、
ダイエット呼吸健康法でその若さ
を保っている。「永遠の肉体」と
呼ばれる彼女の入浴シーンは今で
も視聴率をバッチリ稼ぐことがで
きる。中年諸男子の憧れのひと。","초록 여성
촬영지로 가는 도중인 스페이스
여배우. 상당한 고령임에도
다이어트 호흡 건강법으로 그
젊음을 유지하고 있다. 「영원한
육체」라 불리는 그녀의 목욕신은
지금도 시청률을 확실히 벌어들일
수 있다. 중년 남자들의 동경 대상.",번역 초안,
text,CPRO15.PVR,,,,"プリン親衛隊
チャンネル４２リポーターのプリ
ンに（彼女が昔アイドルだった時
からずっとずっと）魂を捧げ続け
ている少年達。局からも公認の扱
いを受けていてプリンがリポート
する時には必ずバックダンサーと
して後ろを固める。","푸딩 친위대
채널 42 리포터인 푸딩에게
(그녀가 옛날에 아이돌이었을
때부터 줄곧 줄곧) 영혼을
계속 바치고 있는 소년들.
방송국에서도 공인 대우를 받으며
푸딩이 리포트할 때는 반드시
백댄서로 뒤를 지킨다.",번역 초안,
text,CPRO16.PVR,,,,"宇宙海賊（大男）
宇宙海賊チャンネルの局員にして
自由と真実を求める低音ボイスな
男達。ジャガーが登場する時に
後ろで「ジャガー♪」と唄う、と
ても重要な役をまかされている。
音大の声楽科を出ているらしい。","우주 해적(덩치 큰 남자)
우주 해적 채널의 직원이며
자유와 진실을 추구하는 저음
목소리의 남자들. 재규어가
등장할 때 뒤에서 「재규어♪」라고
노래하는, 매우 중요한 역할을
맡고 있다. 음대의 성악과를
나왔다고 한다.",번역 초안,
text,CPRO17.PVR,,,,"宇宙海賊（男）
宇宙海賊チャンネルの局員にして
自由と真実を求める快活な男達。
宇宙海賊ボードに乗って宇宙空間
をイナヅマのように駆け抜ける。
ジャガーに対して忠誠を誓ってい
るというカンジではなく、彼を純
粋に兄のように慕っている。","우주 해적(남자)
우주 해적 채널의 직원이며 자유와
진실을 추구하는 쾌활한 남자들.
우주 해적 보드를 타고 우주
공간을 번개처럼 달려 나간다.
재규어에게 충성을 맹세하고
있다는 느낌이라기보다는, 그를
순수하게 형처럼 따르고 있다.",번역 초안,
text,CPRO18.PVR,,,,"宇宙海賊（女）
宇宙海賊チャンネルの局員。
普段は宇宙海賊放送艦「バッドチ
ューニング号」の操舵を担当して
いる。ひとたびジャガーがピンチ
に陥るや、前線に駆け付け彼のサ
ポートにあたる。コーラス隊の役
も果たす頼りになる女性達。","우주 해적(여자)
우주 해적 채널의 직원. 평소에는
우주 해적 방송함 「배드
튜닝호」의 조타를 담당하고 있다.
일단 재규어가 위기에 빠지면
전선에 달려가 그의 지원을
맡는다. 코러스대의 역할도 하는
믿음직한 여성들.",번역 초안,
text,CPRO19.PVR,,,,"整備員
スペース豪華客船「ハイパーボル
ト号」に乗り込んでいる整備員。
第４２回東ギンガ整備コンテスト
で団体優勝したこともある、不屈
の集団。キメ言葉は「貴女の機体
も整備します」","정비원
우주 호화 여객선 「하이퍼
볼트호」에 탑승해 있는
정비원. 제42회 동은하 정비
콘테스트에서 단체 우승한 적도
있는, 불굴의 집단. 대표 대사는
「당신의 기체도 정비합니다」",번역 초안,
text,CPRO20.PVR,,,,"整備員（肉体派）
スペース豪華客船「ハイパーボル
ト号」に乗り込んでいる整備員。
その偏執的なまでの整備へのこだ
わりで乗客の安全を保証する。
備品ボックスには「改造禁止」と
かかれた貼紙がしてある。","정비원(육체파)
우주 호화 여객선 「하이퍼
볼트호」에 탑승해 있는 정비원.
편집증적일 정도로 정비에
집착하여 승객의 안전을
보장한다. 비품 상자에는 「개조
금지」라고 쓰인 종이가 붙어
있다.",번역 초안,
text,CPRO21.PVR,,,,"整備員（長身）
スペース豪華客船「ハイパーボル
ト号」に乗り込んでいる整備員。
趣味は宇宙金属パイプを用いて楽
しむスペースバンブーダンス。
「バンブー！バンブー！」などと
叫びながら仕事をしている姿をよ
くめにするコトができる。","정비원(장신)
우주 호화 여객선 「하이퍼
볼트호」에 탑승해 있는 정비원.
취미는 우주 금속 파이프를
이용해 즐기는 스페이스 뱀부
댄스. 「뱀부! 뱀부!」 따위를 외치며
일하는 모습을 자주 볼 수 있다.",번역 초안,
text,CPRO22.PVR,,,,"スペース担任の先生（男）
オロオロするのが得意。
一人っ子でお母さんに甘やかされ
て育ったせいもあってか（？）、
なんか頼りなさ最高潮ってカンジ
がする。宇宙遠足で生徒の引率を
している真っ最中。","스페이스 담임 선생님(남자)
허둥대는 것이 특기. 외동으로
어머니가 응석을 받아 주며
키운 탓도 있는지(?), 어쩐지
믿음직하지 못함이 최고조라는
느낌이 든다. 우주 소풍에서 한창
학생들을 인솔하고 있다.",번역 초안,
text,CPRO23.PVR,,,,"スペース小学生（赤ワンピ）
スペース小学生にしてスペース奨
学生。クラス一成績が良く、将来
は銀河一プログラマーになりたい
と思っている。ひそかに同級生の
ツノ君を好いているのだ。","스페이스 초등학생(빨간 원피스)
스페이스 초등학생이자 스페이스
장학생. 반에서 성적이 가장
좋으며, 장래에는 은하 제일의
프로그래머가 되고 싶다고
생각하고 있다. 남몰래 동급생인
뿔 군을 좋아한다.",번역 초안,
text,CPRO24.PVR,,,,"スペース小学生（ミドリ）
宇宙のどこかにいるといわれてい
る伝説のドラゴンを真剣に探して
いる。今回の宇宙遠足でも、展望
台から目をまんまるくしてドラゴ
ンの影を探していた。いつか出会
えるといいねいいね","스페이스 초등학생(초록)
우주 어딘가에 있다고 전해지는
전설의 드래곤을 진지하게 찾고
있다. 이번 우주 소풍에서도
전망대에서 눈을 동그랗게 뜨고
드래곤의 그림자를 찾고 있었다.
언젠가 만날 수 있으면 좋겠네
좋겠네",번역 초안,
text,CPRO25.PVR,,,,"スペース小学生（ツノ）
エド時代頃からあるといわれてい
る幻の食べ物、ワンタンが大好
き。小学生ながらファッションに
はうるさく、自慢のツノヘアーを
いつも、銀河ヘアサロン「カリス
マン」でカットしているナマイキ
くん。学級委員をしている。","스페이스 초등학생(뿔)
에도 시대 무렵부터 있다고
전해지는 환상의 음식, 완탕을 매우
좋아한다. 초등학생이지만 패션에
까다로워, 자랑하는 뿔 헤어를 늘
은하 헤어 살롱 「카리스맨」에서
자르고 있는 건방진 아이. 학급
위원을 맡고 있다.",번역 초안,
text,CPRO26.PVR,,,,"スペース小学生（ピンク）
かわいい顔して冒険が大好き。今
回うららに助けられることになる
とはつゆ知らず、将来は、なんか
冒険っぽいカンジがする職業「ス
ペースリポーター」に、なりたい
なぁ、なっちゃおうかしら？と考
えている。ペットは宇宙イグアナ","스페이스 초등학생(분홍)
귀여운 얼굴을 하고 모험을 아주
좋아한다. 이번에 울랄라에게
구출될 줄은 전혀 모르고, 장래에는
어쩐지 모험 같은 느낌이 드는 직업
「스페이스 리포터」가 되고 싶네,
되어 버릴까? 하고 생각하고 있다.
애완동물은 우주 이구아나",번역 초안,
text,CPRO27.PVR,,,,"赤青ストライプ女性
高校の卒業旅行でカニ座星雲に行
こうと、ロビー２Ｆで友達と待ち
合わせしているところで、今回の
事件に巻き込まれた。
派手な服の割に存在感は薄いらし
く、待ち合わせた友達になかなか
気付いてもらえなかった。","빨강·파랑 줄무늬 여성
고등학교 졸업 여행으로 게자리
성운에 가려고 로비 2F에서
친구와 만나기로 하고 기다리던
중 이번 사건에 휘말렸다. 화려한
옷에 비해 존재감은 희미한
듯하며, 만나기로 한 친구가
좀처럼 알아봐 주지 못했다.",번역 초안,
text,CPRO28.PVR,,,,"スチュワーデス
インフィニティーライン社の宇宙
国際線スチュワーデス。ピンクの
制服が旅行者に大人気である。
「俺の仕事は遊ぶ事だ！」等と叫
ぶゲームプロデューサーの夫がな
かなか家にかえってこないのが悩
みといえば悩み。でも幸福。","스튜어디스
인피니티 라인사의 우주 국제선
스튜어디스. 분홍색 제복이
여행자들에게 큰 인기다. 「내 일은
노는 것이다!」 따위를 외치는 게임
프로듀서 남편이 좀처럼 집에
돌아오지 않는 것이 고민이라면
고민. 그래도 행복하다.",번역 초안,
text,CPRO29.PVR,,,,"スペースシップクルー（男）
「ハイパーボルト号」の乗務員。
宇宙中を飛び回る彼等は、いろん
な星の情報通である。","우주선 승무원(남자)
「하이퍼 볼트호」의 승무원. 우주
곳곳을 날아다니는 그들은 여러
별의 정보통이다.",번역 초안,
text,CPRO30.PVR,,,,"スペースシップクルー（女）
「ハイパーボルト号」の乗務員。
主にオペレーター業務を果たして
いる。２０歳前後の若い女の子が
多く、コクピット内はおしゃべり
や笑い声がたえない。","우주선 승무원(여자)
「하이퍼 볼트호」의 승무원. 주로
오퍼레이터 업무를 맡고 있다.
20세 전후의 젊은 여자아이들이
많아서, 조종실 안에는 수다와
웃음소리가 끊이지 않는다.",번역 초안,
text,CPRO31.PVR,,,,"リポーター「タチバナ」
チャンネル０１のリポーター。
本名「タチバナシンイチロウ」
魂は繊細そのもの。常識家にして
勤勉家。ベテラン。魔法の絨毯タ
イプの宇宙艇に乗る。","리포터 「타치바나」
채널 01의 리포터. 본명
「타치바나 신이치로」. 영혼은
섬세함 그 자체. 상식인이자
근면가. 베테랑. 마법의 양탄자
타입의 우주정을 탄다.",번역 초안,
text,CPRO32.PVR,,,,"リポーター「８８マン」
チャンネル８８所属の、最新型超
ＡＩを搭載したリポーターロボ。
リポートするために作られた鋼の
身体で、あらゆる現場にゴゴッゴ
ウ！！キカイだが熱いココロは理
解できる（らしい）。足漕ぎタイ
プの不思議な宇宙艇に乗る。","리포터 「88맨」
채널 88 소속의 최신형 초AI를
탑재한 리포터 로봇. 리포트하기
위해 만들어진 강철의 몸으로
온갖 현장에 고고고!! 기계지만
뜨거운 마음은 이해할 수 있다(고
한다). 페달식의 신기한 우주정을
탄다.",번역 초안,
text,CPRO33.PVR,,,,"ミドリ少年
ちょっと生意気なお洒落少年エッ
クス。年上の女性に強く憧れてい
て、同年代には全くもって興味を
示さない。彼のラブラブターゲッ
トは２４～２９歳である！","초록 소년
조금 건방진 멋쟁이 소년 엑스.
연상의 여성을 강하게 동경하고
있어, 또래에게는 전혀 관심을
보이지 않는다. 그의 러브러브
타깃은 24~29세다!",번역 초안,
text,CPRO34.PVR,,,,"チャンネル５受付嬢
どんな時でも素敵なスマイルを
振りまける大変な才能の持ち主。
日々、たくさん訪れる見学者達の
対応でへとへとになっている。
局内には結構ファンがいるとか。","채널 5 접수 아가씨
언제라도 멋진 미소를 뿌릴
수 있는 대단한 재능의
소유자. 날마다 많이 찾아오는
견학자들을 응대하느라 녹초가
되어 있다. 방송국 안에는 제법
팬이 있다고 한다.",번역 초안,
text,CPRO35.PVR,,,,"チャンネル５職員
がんばってたのしいばんぐみをつ
くっています。でもあまりしちょ
うりつがかせげずになんぎしてい
ます。ここはうららにがんばって
もらうしか！とおもっています。
しばらくおまちくださいがめんに
もでているのはぼくだよ！","채널 5 직원
열심히 재미있는 방송을 만들고
있습니다. 하지만 시청률을 별로
벌지 못해 고생하고 있습니다.
여기서는 울랄라가 힘내 주는
수밖에! 하고 생각하고 있습니다.
잠시 기다려 주세요 화면에도
나오는 건 저예요!",번역 초안,
text,CPRO36.PVR,,,,"ニュースキャスター（男）
『チャンネル５』の看板報道番組
のキャスター「ＳＵＳＵＫＩ」
アナウンス部一般報道チーム所属
うららと同期で、たまに一緒に遊
びにいったりする。
芸術一家の長男。実家は、
スペース写真館をひらいている。","뉴스캐스터(남자)
『채널 5』의 간판 보도 프로그램의
캐스터 「SUSUKI」. 아나운스부
일반 보도 팀 소속. 울랄라와
동기이며, 가끔 같이 놀러 가기도
한다. 예술가 집안의 장남. 본가는
스페이스 사진관을 운영하고
있다.",번역 초안,
text,CPRO37.PVR,,,,"ニュースキャスター（女）
『チャンネル５』の看板報道番組
のキャスター「ＶＡＬＡＬＡ」
アナウンス部一般報道チーム所属
名前が似ているためうらら宛ての
メールが、間違って届くコトが多
い。昔一時代を築いた女子アナ。","뉴스캐스터(여자)
『채널 5』의 간판 보도 프로그램의
캐스터 「VALALA」. 아나운스부
일반 보도 팀 소속. 이름이
비슷해서 울랄라 앞으로 보낸
메일이 잘못 배달되는 일이 많다.
예전에 한 시대를 일군 여성
아나운서.",번역 초안,
text,CPRO38.PVR,,,,"ウーマンブラック
スペースモードデザイナー。新た
な布を求めて銀河中旅する女。そ
の鋭い審美眼は、氷の眼と恐れら
れている。カモフラージュの為に
いつもサングラスを着用。","우먼 블랙
스페이스 패션 디자이너. 새로운
천을 찾아 은하 곳곳을 여행하는
여자. 그 날카로운 심미안은
얼음의 눈으로 두려움을
사고 있다. 위장하기 위해 늘
선글라스를 착용.",번역 초안,
text,CPRO39.PVR,,,,"ウーマンホワイト
タンゴをこよなく愛する、新婚主
婦。趣味は料理とショッピング。
最近はお菓子作りにも目覚めた為
に体重が増えてきた。ダイエット
中。","우먼 화이트
탱고를 더없이 사랑하는 신혼
주부. 취미는 요리와 쇼핑.
최근에는 과자 만들기에도 눈을
떴기 때문에 체중이 늘어나기
시작했다. 다이어트 중.",번역 초안,
text,CPRO40.PVR,,,,"ウーマンブルー
スペース巫女。幼い頃からの修行
で宇宙神通力に通じているとされ
る。占いを生業としている。また
スペース霊媒もできるという、ふ
れこみだが、真偽のほどはさだか
ではナイ。","우먼 블루
스페이스 무녀. 어릴 때부터의
수행으로 우주 신통력에
정통하다고 여겨진다. 점을
생업으로 삼고 있다. 또한
스페이스 영매 역할도 할 수
있다는 선전이지만, 진위는
확실하지 않다.",번역 초안,
text,CPRO41.PVR,,,,"ウーマンピンク
スペースナイトキャバレーで働く
踊り子。口は悪いが根はやさしい
らしい。皆に秘密で捨てイヌを飼
っている。本当の愛を探しに、旅
に出ようかどうか悩んでいるよう
ないないような心持ちで毎日を過
ごしている。","우먼 핑크
스페이스 나이트 카바레에서
일하는 무희. 입은 험하지만 본성은
다정한 모양이다. 모두에게 비밀로
유기견을 기르고 있다. 진정한
사랑을 찾으러 여행을 떠날지 말지
고민하는 것 같기도 아닌 것 같기도
한 마음으로 매일을 보내고 있다.",번역 초안,
text,CPRO42.PVR,,,,"ウーマンライトブルー
闇から闇へ、滅多にその姿を見せ
ることなく活動する冷たく美しい
スペース暗殺者「Ｋ」。
何処の組織に属するのか、一匹狼
なのか、そのバックボーンは全く
掴めていない。常に水色を着用し
ている。謎が謎呼ぶ秘密レディ。","우먼 라이트 블루
어둠에서 어둠으로, 좀처럼 모습을
드러내지 않고 활동하는 차갑고
아름다운 스페이스 암살자 「K」.
어느 조직 소속인지, 혼자 일하는지,
배경은 전혀 파악되지 않았다. 늘
하늘색을 입고 있다. 수수께끼가
수수께끼를 부르는 비밀의 여인.",번역 초안,
text,CPRO43.PVR,,,,"ウーマンインレッド
スペースヒッピーな物を取り揃え
ているショップ「スペイシー ザ
ヒッピー」の店員。趣味は瞑想。
禁煙の為にハーブチューイング
ガムをいつも噛んでいる。","우먼 인 레드
스페이스 히피풍 물건을 갖추고
있는 가게 「스페이시 더 히피」의
점원. 취미는 명상. 금연을 위해
허브 껌을 늘 씹고 있다.",번역 초안,
text,CPRO44.PVR,,,,"ウーマンイエロー
チームフェロモンのリーダーにし
てスペースバー「ハニーポット」
のオーナー。銀河中のフェロモン
発信基地である。昼と夜の顔を持
ち、その妖しさと麗しさは銀河一
と囁かれている。ファンを通り越
した信者が多数存在する。","우먼 옐로
팀 페로몬의 리더이자 스페이스
바 「허니 포트」의 주인. 온 은하의
페로몬 발신 기지다. 낮과 밤의
얼굴을 지녔으며, 그 요염함과
아름다움은 은하 최고라고
속삭여진다. 팬을 넘어선 신도가
다수 존재한다.",번역 초안,
text,CPRO45.PVR,,,,"ボーイイエロー
２５つ児。最新のスペーステクノ
ロジーを駆使した結果、不妊症の
夫婦に２５人の子供が産まれた。
銀河中で話題になった子供の一人
である。現在、８才のやんちゃ盛
り暴れたい盛りで、お母さんは少
しだけ手をやいている。","보이 옐로
25쌍둥이. 최신 스페이스 기술을
구사한 결과, 불임인 부부에게
25명의 아이가 태어났다. 온
은하에서 화제가 된 아이 중 한
명이다. 현재 8세로 장난치고
날뛰고 싶어 할 나이라, 엄마는
조금 애를 먹고 있다.",번역 초안,
text,CPRO46.PVR,,,,"ボーイブルー
スペースエリート塾の学生。
銀河を動かす一握りのエリートに
なるべく、小さい頃から親元を離
れて勉学にいそしんでいる。
時々みせるさびしげな笑みに同情
するとタイヘンナコトになるので
注意が必要。","보이 블루
스페이스 엘리트 학원의 학생.
은하를 움직이는 한 줌의
엘리트가 되기 위해, 어릴 때부터
부모 곁을 떠나 공부에 힘쓰고
있다. 가끔 보이는 쓸쓸한 미소에
동정하면 큰일이 나므로 주의가
필요하다.",번역 초안,
text,CPRO47.PVR,,,,"ボーイレッド
迷子常習犯。やさしいお姉さんが
大好きで、構ってほしさにいつも
迷子になる。おっちょこちょいで
よくぶつかったり、転んだりして
生傷が絶えない。結構な甘えんぼ
うさん。","보이 레드
길 잃기 상습범. 다정한 누나를
아주 좋아해서, 관심을 받고
싶어 늘 길을 잃는다. 덜렁대서
자주 부딪치거나 넘어져
상처가 끊이지 않는다. 상당한
응석꾸러기.",번역 초안,
text,CPRO48.PVR,,,,"マンパープル
スペース新体操選手。全銀河大会
で初めてスペースウルトラＣを決
めて優勝したのは４年前のコト。
現在はひざを痛めて引退、コーチ
としての道を歩んでいる。
密かに来年の大会でカムバックを
狙っているらしいが…。","맨 퍼플
스페이스 리듬 체조 선수. 전 은하
대회에서 처음으로 스페이스
울트라 C를 성공시켜 우승한
것은 4년 전의 일. 현재는 무릎을
다쳐 은퇴하고 코치의 길을 걷고
있다. 몰래 내년 대회에서 복귀를
노리고 있는 모양이지만….",번역 초안,
text,CPRO49.PVR,,,,"マンブルー
その甘いマスクと巧みな話術で銀
河の女性達をおとす、スペース結
婚サギ師。逮捕歴こそまだないも
ののちょっぴりキケンでデンジャ
ラスなので注意が必要。","맨 블루
그 곱상한 얼굴과 능숙한
말솜씨로 은하의 여성들을
넘어오게 하는 스페이스 결혼
사기꾼. 아직 체포된 적은 없지만
조금 위험하고 데인저러스하므로
주의가 필요하다.",번역 초안,
text,CPRO50.PVR,,,,"マングリーン
今、銀河で超ハヤリのスペースク
ラブの店員。人間離れした風貌と
何で栄養をとっているのだかわか
らぬ不健康さが、そこはかとなく
イイ雰囲気。太陽の光線がキライ","맨 그린
지금 은하에서 엄청 유행하는
스페이스 클럽의 점원. 인간 같지
않은 생김새와 무엇으로 영양을
섭취하는지 알 수 없는 건강하지
못한 모습이, 어딘지 모르게 좋은
분위기. 태양 광선을 싫어함",번역 초안,
text,CPRO51.PVR,,,,"マンバイ
スペース化粧品セールスマン。
商品サンプル以外の余分な物は携
帯しない。その営業スマイルトー
クは若奥様、大奥様に大人気で、
売り上げも北銀河販売地区のトッ
プ。旧家の一人娘と縁談がまとま
りかけている。","맨 바이
스페이스 화장품 판매원. 상품 견본
이외의 여분의 물건은 휴대하지
않는다. 영업용 미소와 말솜씨는
젊은 부인과 나이 든 부인에게
대인기이며, 매출도 북은하 판매
지구에서 최고. 오래된 집안의 외동
딸과 혼담이 성사되려 하고 있다.",번역 초안,
text,CPRO52.PVR,,,,"スペース犬
人に隷属することに疑念を持つ
「あたらしい犬」の一派。でも、
皮を剥いてもらった茹でトマトを
もらうのと首の後ろをなでてもら
うのが好きで好きで好き。そのあ
たりがカレのココロの葛藤…。
犬兄弟がたくさんいる。","스페이스 개
사람에게 예속되는 것에 의문을
품는 「새로운 개」의 일파. 하지만
껍질을 벗겨 준 삶은 토마토를
받는 것과 목 뒤를 쓰다듬어 주는
것이 좋고 좋고 좋다. 그 부분이
그의 마음속 갈등…. 개 형제가
많이 있다.",번역 초안,
text,CPRO53.PVR,,,,"スペースレスキュウポリス
銀河全体を統括する、現在の警察
と消防の二役をこなす機関に属す
る隊員。あまり役に立たない集団
なのだが、その無骨なヘルメット
と色付きゴーグルの下の素顔には
すっごい美形が多いためか、世間
からの評判は決して悪くはない。","스페이스 레스큐 폴리스
은하 전체를 총괄하며 현재의
경찰과 소방, 두 역할을 하는 기관에
속한 대원. 별로 도움이 되지 않는
집단이지만, 투박한 헬멧과 색이
있는 고글 아래 맨얼굴에는
용모가 빼어난 사람이 많아서인지,
세간의 평판은 결코 나쁘지 않다.",번역 초안,
text,CPRO54.PVR,,,,"スペースニホン人
観光好き。燃える激写魂。
旅先で出会った風景をココロより
もフィルムに焼きつけることを優
先してしまう人達。常に気密服を
脱がないのは、恥ずかしがり屋さ
んだから。愛用カメラで、
フラッシュ＆フラッシュ！！","스페이스 일본인
관광을 좋아함. 불타는 사진
촬영의 혼. 여행지에서 만난
풍경을 마음보다 필름에 새기는
것을 우선해 버리는 사람들.
늘 기밀복을 벗지 않는 것은
부끄럼쟁이이기 때문. 애용하는
카메라로 플래시 & 플래시!!",번역 초안,
text,CPRO55.PVR,,,,"スペースおばあちゃん
伝説のバンド『スキャンティーン
ズ』のギター兼ボーカルとして活
躍していた。まだまだ元気で、ス
ペースヒッピー達と一晩中踊った
りする。嫁からは、そんな人達と
遊ばないで下さい＆無茶しないで
下さいと注意されることしきり。","스페이스 할머니
전설의 밴드 『스캔틴즈』에서
기타 겸 보컬로 활약했다.
아직도 기운이 넘쳐, 스페이스
히피들과 밤새 춤을 추기도 한다.
며느리에게 그런 사람들과 놀지
마세요 & 무리하지 마세요라고
끊임없이 주의를 듣는다.",번역 초안,
text,CPRO56.PVR,,,,"スペースシップキャプテン
夢のスペース豪華客船『ハイパー
ボルト号』の艦長。
その尊大にして威厳のある立ち振
る舞いと、脊髄反射のごとき判断
力により、クルーからは絶大なる
信頼を寄せられている。
密かに気に入っているコトバは
「何もかも懐かしい…」","스페이스십 캡틴
꿈의 스페이스 호화 여객선
『하이퍼 볼트호』의 함장. 그
거만하고 위엄 있는 태도와
척수 반사 같은 판단력으로
승무원들에게 절대적인 신뢰를
받고 있다. 몰래 마음에 들어 하는
말은 「모든 것이 그립다…」",번역 초안,
text,CPRO57.PVR,,,,"スペースサラリーマン
この世に存在するあらゆる物品を
あつかう超巨大商社のエージェン
ト。銀河中を飛び回るカレは、た
まに「時間がワタシを追い掛けて
くるのか？それともワタシが時間
を追い掛けているのか？」などと
つぶやく。妻がすき。","스페이스 샐러리맨
세상에 존재하는 온갖 물품을
취급하는 초거대 무역 회사의
대리인. 온 은하를 날아다니는
그는 가끔 「시간이 나를
쫓아오는가? 아니면 내가
시간을 쫓고 있는가?」 따위를
중얼거린다. 아내를 좋아함.",번역 초안,
text,CPRO58.PVR,,,,"スペースクンフーマン
俳優。元格闘家。
その優雅な舞いから繰り出す必殺
の『流星キック』で数々の挑戦者
を退けた強者。現在はアクション
映画を中心に活躍する一方、料理
番組のレギュラーを数多く持つ主
婦達のアイドル。","스페이스 쿵후맨
배우. 전직 격투가. 우아한 춤에서
펼치는 필살의 『유성 킥』으로
수많은 도전자를 물리친 강자.
현재는 액션 영화를 중심으로
활약하는 한편, 수많은 요리
프로그램에 고정 출연하는
주부들의 아이돌.",번역 초안,
text,CPRO59.PVR,,,,"チャンネル５警備ロボ
局内を見張る１００まん馬力の
スーパーロボット。
通常時は頭部のみで浮遊、局内を
巡回している。
緊急時にはあらゆる場所に収納さ
れている胴体部分と合体、速やか
に事態収拾にあたる。","채널 5 경비 로봇
방송국 안을 감시하는 100만
마력의 슈퍼 로봇. 평소에는
머리만으로 떠다니며 방송국
안을 순찰한다. 비상시에는
곳곳에 수납된 몸통 부분과
합체하여 신속하게 사태 수습에
나선다.",번역 초안,
text,CPRO60.PVR,,,,"スペーススーパーモデル
スペースコレクション（スペコ
レ）に過去１５年間連続出演して
いる超人気モデル。世代を越えて
今をときめき続けている。年齢に
よる衰えを全く感じさせない為、
実はアンドロイドではないかとの
噂もある。男より女の子が好き。","스페이스 슈퍼모델
스페이스 컬렉션(스페컬)에 지난
15년간 연속 출연하고 있는 초인기
모델. 세대를 넘어 지금도 계속
인기를 누리고 있다. 나이에 따른 쇠
퇴를 전혀 느끼게 하지 않아, 사실은
안드로이드가 아닌가 하는 소문도
있다. 남자보다 여자아이를 좋아함.",번역 초안,
text,CPRO61.PVR,,,,"ハードセクシーマン
銀河一、セクシーな男「ＫＥＮ」
ときめくボディ、ムラサキ色の世
界。カレの「太陽より熱い視線」
と「蜂蜜より甘い吐息」によるダ
ブルアピール攻撃を受けてメロメ
ロにならぬ地球人はいない。
それほどまでに、セクシー。","하드 섹시맨
은하에서 가장 섹시한 남자
「KEN」. 설레는 몸, 보라색 세계.
그의 「태양보다 뜨거운 시선」과
「꿀보다 달콤한 숨결」으로 하는
이중 매력 발산 공격을 받고
푹 빠지지 않는 지구인은 없다.
그만큼 섹시하다.",번역 초안,
text,CPRO62.PVR,,,,"ギターマン
スペースギターをかきならす楽器
ビト「ＪＵＮ」。プリン親衛隊の
ひとり。その奇蹟の旋律で人々の
魂を震わせる。実は髪をのばした
いと思っているのだ。（でもプリ
ンは長髪がキライと言っているの
で実行はしない）ギャギャーン！","기타맨
스페이스 기타를 힘껏 연주하는
악기인 「JUN」. 푸딩 친위대 중 한
명. 기적의 선율로 사람들의 영혼을
떨리게 한다. 사실은 머리를 기르고
싶다고 생각한다. (하지만 푸딩이 긴
머리를 싫어한다고 해서 실행하지
않는다) 갸갸앙!",번역 초안,
text,CPRO63.PVR,,,,"ブラスマン
スペースサックスを吹きまくる楽
器ビト。宇宙海賊のひとりでもあ
る。彼が演奏を始めると、いろい
ろな宇宙小動物が集ってくる。
ひそかにメジャーレーベルよりデ
ビューしていたりする。","브라스맨
스페이스 색소폰을 마구 부는
악기인. 우주 해적 중 한 명이기도
하다. 그가 연주를 시작하면 여러
우주 소동물이 모여든다. 남몰래
메이저 레이블에서 데뷔하기도
했다.",번역 초안,
text,CPRO64.PVR,,,,"タイコマン
チキュウの太鼓にえらく感銘を受
け、その虜となってしまった宇宙
人、楽器モロ。密かに毎日みっち
り練習している。すごい勢いで太
鼓を叩きまくるゾ。太古マンでは
ナイので注意が必要。","타이코맨
지구의 북에 크게 감명받아 그
포로가 되어 버린 우주인, 악기
모로. 몰래 매일 철저히 연습하고
있다. 엄청난 기세로 북을 마구
두드린다. 태고맨은 아니므로
주의가 필요하다.",번역 초안,
text,CPRO65.PVR,,,,"キーボードギャル
オルガン音色のショルダーキー
ボードで素敵な旋律を弾いて弾い
て弾きまくる楽器ビト。
その正体は、特別音楽番組に出演
する為にチャンネル５に来ていた
ところを事件にまきこまれた、天
才少女キーボーディストなのだ。","키보드 걸
오르간 음색의 숄더 키보드로
멋진 선율을 연주하고 연주하고
마구 연주하는 악기인. 그
정체는 특별 음악 프로그램에
출연하려고 채널 5에 와 있다가
사건에 휘말린 천재 소녀
키보디스트다.",번역 초안,
text,CPRO66.PVR,,,,"パーモロ（パープル）
すピリチュアル。空中に浮くもの
をみるとボーっとしてしまう。風
船に異常な興味を示す。モロ星人
の中で唯一予知能力をもってるら
しいのだが、仲間からはあまり信
じてもらえていない。
やんわりとえっちだ。","파모로(퍼플)
영적이다. 공중에 뜨는 것을 보면
멍해져 버린다. 풍선에 이상할
정도로 관심을 보인다. 모로성인
중 유일하게 예지 능력을 가진
모양이지만, 동료들은 별로 믿어
주지 않는다. 은근히 야하다.",번역 초안,
text,CPRO67.PVR,,,,"レッモロ（レッド）
おこりっぽくってあわてもの。
意外にも小動物が大好きで、スペ
ースシップのダクトで見つけた宇
宙ネズミを持って帰ってペットに
しちゃうほど。でもなかなか、な
ついてくれないので少し悲しいら
しい。なんとなくえっちだ。","렛모로(레드)
화를 잘 내고 덜렁댄다. 의외로
작은 동물을 아주 좋아해 우주선
덕트에서 발견한 우주 쥐를
데려가 반려동물로 삼아 버릴
정도. 하지만 좀처럼 따르지
않아서 조금 슬픈 모양이다.
어쩐지 야하다.",번역 초안,
text,CPRO68.PVR,,,,"グリモロ（グリーン）
なんだか土いじりが好きで好きな
自然派。ほおっておくと意味も無
く穴を掘っていたりする。宇宙人
秘密基地の通路を掘ったのも実は
このコたち。でものんびりやさん
なので、まだ未完成だったりする
の。そこはかとなくえっち。","그리모로(그린)
어쩐지 흙 만지는 것이 좋고 좋은
자연파. 내버려 두면 의미 없이
구멍을 파기도 한다. 우주인 비밀
기지의 통로를 판 것도 사실 이
아이들. 하지만 느긋한 성격이라
아직 미완성이기도 하다. 어딘지
모르게 야하다.",번역 초안,
text,CPRO69.PVR,,,,"ブルモロ（ブルー）
クールでインテリ、体温の低い技
術者タイプ。踊らせビームは彼等
が開発した（らしい）。
かなりえっちだという情報が入っ
てきている。","블루모로(블루)
냉정하고 지적이며 체온이
낮은 기술자 유형. 춤추게
하는 빔은 그들이 개발했다(고
한다). 상당히 야하다는 정보가
들어오고 있다.",번역 초안,
text,CPRO70.PVR,,,,"イエモロ（イエロー）
ちょっとドジないたずらっコタイ
プ。心のむくまま気のむくままに
振る舞うのが得意。踊らせビーム
で撃ち合いゴッコをして遊んでた
りする。確信的にえっちだ。","이에모로(옐로)
조금 어설픈 장난꾸러기 유형.
마음이 내키는 대로 기분이
내키는 대로 행동하는 것이 특기.
춤추게 하는 빔으로 서로 쏘는
놀이를 하기도 한다. 확신에 차서
야하다.",번역 초안,
text,CPRO71.PVR,,,,"ピーモロ（ピンク）
ちょっと内気でさみしんぼう。や
わらかいものを触っていると心が
落ち着くらしく、気が付くとなに
かやわらかいものを触っている。
さみしさがつのるといきなり背後
から抱きついてきて、みんなをビ
ックリさせる。でもえっちなの。","피모로(핑크)
조금 내성적이고 외로움을 탄다.
부드러운 것을 만지고 있으면
마음이 진정되는 모양으로, 정신을
차려 보면 뭔가 부드러운 것을
만지고 있다. 외로움이 커지면
갑자기 뒤에서 껴안아 모두를
놀라게 한다. 하지만 야하다.",번역 초안,
text,CPRO72.PVR,,,,"リーダーモロ
襲撃の最前線にて下っぱの宇宙人
を引率する。勝手きままな部下達
とおこりんぼうの上司の間で、な
んだかとても苦労している。
ワルモノ風な外見からは想像しに
くいが、かなりの照れ屋さんにし
て相当のえっち者。","리더 모로
습격의 최전선에서 말단
우주인들을 인솔한다. 제멋대로인
부하들과 화 잘 내는 상사
사이에서 어쩐지 무척 고생하고
있다. 악당 같은 외모로는
상상하기 어렵지만, 상당히
부끄럼을 타면서 무척 야한 녀석.",번역 초안,
text,CPRO73.PVR,,,,"ボスモロ
宇宙人の親分。謎の衝動にかられ
て今回の踊りによる侵略を計画立
案、そして遂行している。自重が
負担になっているのか（？）ひざ
が弱点のようだ。そしてとてもく
すぐったがりやである。
てれびを見るのが大すき。","보스 모로
우주인들의 두목. 수수께끼의
충동에 이끌려 이번 춤을 통한
침략을 계획하고 실행하고 있다.
자신의 무게가 부담이 되는지(?)
무릎이 약점인 모양이다. 그리고
간지럼을 매우 잘 탄다. 텔레비전
보는 것을 아주 좋아함.",번역 초안,
text,CPRO74.PVR,,,,"ココ★タピオカ
侵略舞踏メカ第一号。リポート１
の発射台に登場。巨大な「むらさ
ピンク」の身体を持つ。角から発
するリングビームと体内に格納
しているラインダンスメカ
（正式名称イエローサブモロン）
による攻撃はかなり手強い。","코코★타피오카
침략 무도 메카 제1호. 리포트
1의 발사대에 등장. 거대한
「보라분홍」 몸을 지녔다. 뿔에서
발사하는 링 빔과 몸속에 수납한
라인 댄스 메카(정식 명칭 옐로
서브모론)의 공격은 상당히
까다롭다.",번역 초안,
text,CPRO75.PVR,,,,"モロリ～ナ
スペース豪華客船襲撃のために宇
宙人が送り込んだ「ちょっとえっ
ちいな舞踏メカ」触手や舌で、う
ららを攻めて攻めて攻めまくる！
スペース小学生を捕らえているの
で、攻撃の際には注意が必要。","모로리~나
스페이스 호화 여객선 습격을
위해 우주인이 보낸 「조금
야한 무도 메카」. 촉수와 혀로
울랄라를 공격하고 공격하고
마구 공격한다! 스페이스
초등학생을 붙잡고 있으므로
공격할 때는 주의가 필요하다.",번역 초안,
text,CPRO76.PVR,,,,"モロリン！モンロー！
主人公がリポート３の秘密基地内
部にて遭遇する双児の最強舞踏メ
カ。モニタの中から登場し３段変
形により次々とその姿をかえなが
ら攻撃してくる。
とても独りでたちむかえる相手で
はないようだが…。","모로린! 몬로!
주인공이 리포트 3의 비밀
기지 내부에서 만나는 쌍둥이
최강 무도 메카. 모니터 안에서
등장하여 3단 변형으로 잇달아
모습을 바꾸면서 공격해 온다.
도저히 혼자서 맞설 수 있는
상대는 아닌 모양이지만….",번역 초안,
text,CPRO77.PVR,,,,"イビラ
うららの能力を研究して作成され
たパーフェクトリポーターメカ。
視聴率を稼ぐためのみにリポート
を行う。チャンネル５の警備ロボ
を従えてバトルを挑んでくる。な
かなかの強敵。","이비라
울랄라의 능력을 연구해 만든
완벽한 리포터 메카. 오직
시청률을 올리기 위해서만
리포트한다. 채널 5의 경비
로봇을 거느리고 배틀을
걸어온다. 상당한 강적.",번역 초안,
text,CPRO78.PVR,,,,"ジャイアントイビラ
チャンネル５の局長「ブランク」
が操る超巨大愛玩メカ。ディレク
ターの乗った宇宙中継艦アストロ
ビート号を人質にしている。
音声の指示とは逆方向に入力して
からＡボタンを押さないと有効な
攻撃にならない。","자이언트 이비라
채널 5의 국장 「블랭크」가
조종하는 초거대 애완 메카.
디렉터가 탄 우주 중계함
아스트로비트호를 인질로 삼고
있다. 음성 지시와 반대 방향을
입력한 뒤 A 버튼을 눌러야
유효한 공격이 된다.",번역 초안,
text,CPRO79.PVR,,,,"ブランクＴＶ
チャンネル５局長「ブランク」の
操る洗脳放送発信メカ。ジャイア
ントイビラの中身、ブランクの正
体（？）。局のシステムの一部を
流用したこのメカは、銀河の隅々
まで洗脳放送を配信することがで
きる。","블랭크 TV
채널 5 국장 「블랭크」가 조종하는
세뇌 방송 발신 메카. 자이언트
이비라의 내부, 블랭크의 정체(?).
방송국 시스템의 일부를 전용한
이 메카는 은하 구석구석까지
세뇌 방송을 송신할 수 있다.",번역 초안,
voices,ADXDATA_R4.AFS:007,0,0.0,2.0,お疲れ様でした,,asr_draft,
voices,VOICEDATA.AFS:000,0,0,1.54,あ、怒っています。,"아, 화가 나 있습니다.",literal_draft,
voices,VOICEDATA.AFS:000,1,1.88,3,激しく怒っています。,몹시 화가 나 있습니다.,literal_draft,
voices,VOICEDATA.AFS:000,2,3.2,4.9,もう少しだ！気を抜かないでいけ！,조금만 더다! 방심하지 말고 가라!,literal_draft,
voices,VOICEDATA.AFS:001,0,8.34,9.7,皆さんこんばんは。,"여러분, 좋은 저녁입니다.",literal_draft,
voices,VOICEDATA.AFS:001,1,9.98,11.62,今夜のうららリポートショーは、,"오늘 밤의 울랄라 리포트 쇼는,",literal_draft,
voices,VOICEDATA.AFS:001,2,11.8,13.74,スペースポートに襲来した宇宙人が,스페이스포트에 쳐들어온 우주인이,literal_draft,
voices,VOICEDATA.AFS:001,3,13.74,16.82,人々を踊らせているという異常事件を生中継します。,"사람들을 춤추게 하고 있다는 이상 사건을
생중계합니다.",literal_draft,
voices,VOICEDATA.AFS:001,4,17.24,18.68,はい、通信状態良好。,"좋아, 통신 상태 양호.",literal_draft,
voices,VOICEDATA.AFS:001,5,18.94,20.16,うらら、張り切っていけ。,"울랄라, 힘차게 가라.",literal_draft,
voices,VOICEDATA.AFS:001,6,20.96,21.6,了解。,알겠습니다.,literal_draft,
voices,VOICEDATA.AFS:001,7,25.12,26.74,ご覧ください、宇宙人です。,"보십시오, 우주인입니다.",literal_draft,
voices,VOICEDATA.AFS:001,8,26.98,29.08,後ろにいるのは踊らされた人でしょうか。,뒤에 있는 건 춤추게 된 사람일까요?,literal_draft,
voices,VOICEDATA.AFS:001,9,29.6,31.08,宇宙人の声と動きに注意しろ。,우주인의 목소리와 움직임에 주의해라.,literal_draft,
voices,VOICEDATA.AFS:001,10,31.84,33.38,リズムに合わせて入力だ。,리듬에 맞춰 입력해라.,literal_draft,
voices,VOICEDATA.AFS:001,11,33.38,33.98,行け！,가라!,literal_draft,
voices,VOICEDATA.AFS:002,0,0,1.5,注意しろよ。,주의해라.,literal_draft,
voices,VOICEDATA.AFS:002,1,1.64,3.08,物陰から来るぞ。,물건 뒤에서 온다.,literal_draft,
voices,VOICEDATA.AFS:002,2,3.42,4.74,宇宙人にはAボタンビーム。,우주인에게는 A 버튼으로 빔.,literal_draft,
voices,VOICEDATA.AFS:002,3,5.06,6.58,了解。,알겠습니다.,literal_draft,
voices,VOICEDATA.AFS:002,4,7.78,8.32,Let's shoot!,,english_keep,
voices,VOICEDATA.AFS:003,0,0,2.5,宇宙人と踊らされたスペースニッポン人が来ます。,우주인과 춤추게 된 스페이스 일본인이 옵니다.,literal_draft,
voices,VOICEDATA.AFS:003,1,3.58,4.7,うらら、張り切っていけ。,"울랄라, 힘차게 가라.",literal_draft,
voices,VOICEDATA.AFS:003,2,5.62,6.18,了解。,알겠습니다.,literal_draft,
voices,VOICEDATA.AFS:003,3,7.68,8.4,Let's dance!,,english_keep,
voices,VOICEDATA.AFS:004,0,0,2.02,うらら、次はロビー2階だ。,"울랄라, 다음은 로비 2층이다.",literal_draft,
voices,VOICEDATA.AFS:004,1,2.2,2.8,了解。,알겠습니다.,literal_draft,
voices,VOICEDATA.AFS:004,2,3.16,4.18,あっ、まだいた。,"앗, 아직 있었다.",literal_draft,
voices,VOICEDATA.AFS:004,3,4.9,6.16,チューと言ったらAボタン、ビーム。,‘츄’라고 하면 A 버튼으로 빔.,literal_draft,
voices,VOICEDATA.AFS:004,4,9.92,10.58,撃ちます。,쏘겠습니다.,literal_draft,
voices,VOICEDATA.AFS:005,0,0,2.26,うらら、次は荷物仕分け室だ。,"울랄라, 다음은 화물 분류실이다.",literal_draft,
voices,VOICEDATA.AFS:005,1,2.4,2.84,了解。,알겠습니다.,literal_draft,
voices,VOICEDATA.AFS:005,2,3.1,4.2,あ、まだいた。,"아, 아직 있었다.",literal_draft,
voices,VOICEDATA.AFS:005,3,4.88,6.16,チューと言ったらAボタン、ビーム。,‘츄’라고 하면 A 버튼으로 빔.,literal_draft,
voices,VOICEDATA.AFS:005,4,9.88,10.58,撃ちます。,쏘겠습니다.,literal_draft,
voices,VOICEDATA.AFS:006,0,0,1.4,うらら、次は管制塔だ。,"울랄라, 다음은 관제탑이다.",literal_draft,
voices,VOICEDATA.AFS:006,1,1.58,1.92,了解。,알겠습니다.,literal_draft,
voices,VOICEDATA.AFS:006,2,3.1,4.26,あっ、まだいた。,"앗, 아직 있었다.",literal_draft,
voices,VOICEDATA.AFS:006,3,4.9,6.16,チューと言ったらAボタン、ビーム。,‘츄’라고 하면 A 버튼으로 빔.,literal_draft,
voices,VOICEDATA.AFS:006,4,9.88,10.58,撃ちます。,쏘겠습니다.,literal_draft,
voices,VOICEDATA.AFS:007,0,0,1.86,荷物仕分け室にやってきました。,화물 분류실에 왔습니다.,literal_draft,
voices,VOICEDATA.AFS:007,1,2.16,4.36,情報によると、多数の作業員が,"정보에 따르면, 많은 작업원이",literal_draft,
voices,VOICEDATA.AFS:007,2,4.36,7.34,踊りの渦に巻き込まれているということです。,춤의 소용돌이에 휘말려 있다고 합니다.,literal_draft,
voices,VOICEDATA.AFS:007,3,9.26,10.08,宇宙人、接近！,우주인 접근!,literal_draft,
voices,VOICEDATA.AFS:007,4,10.54,11.42,狭いから気をつけろ！,좁으니 조심해라!,literal_draft,
voices,VOICEDATA.AFS:007,5,11.78,12.04,了解！,알겠습니다!,literal_draft,
voices,VOICEDATA.AFS:007,6,16.1,16.66,Let's shoot!,,english_keep,
voices,VOICEDATA.AFS:008,0,0.68,3.6,うらら、移動リング内の宇宙人を追え。,"울랄라, 이동 링 안의 우주인을 쫓아라.",literal_draft,
voices,VOICEDATA.AFS:008,1,3.82,4,了解。,알겠습니다.,literal_draft,
voices,VOICEDATA.AFS:008,2,7.78,8.34,Let's shoot!,,english_keep,
voices,VOICEDATA.AFS:009,0,0.32,2.48,うらら、前方から踊る宇宙人が来るぞ！,"울랄라, 전방에서 춤추는 우주인이 온다!",needs_listening,
voices,VOICEDATA.AFS:009,1,2.6,3,了解！,알겠습니다!,literal_draft,
voices,VOICEDATA.AFS:009,2,6.08,6.92,Let's dance!,,english_keep,
voices,VOICEDATA.AFS:010,0,0,1.58,うらら、次は発射台だ。,"울랄라, 다음은 발사대다.",literal_draft,
voices,VOICEDATA.AFS:010,1,1.84,2.34,了解。,알겠습니다.,literal_draft,
voices,VOICEDATA.AFS:010,2,2.68,3.92,あ、まだいた。,"아, 아직 있었다.",literal_draft,
voices,VOICEDATA.AFS:010,3,4.48,5.76,チューと言ったらAボタン、ビーム。,‘츄’라고 하면 A 버튼으로 빔.,literal_draft,
voices,VOICEDATA.AFS:010,4,9.84,10.58,撃ちます。,쏘겠습니다.,literal_draft,
voices,VOICEDATA.AFS:011,0,0,1.54,ロビー2階にやってきました。,로비 2층에 왔습니다.,literal_draft,
voices,VOICEDATA.AFS:011,1,1.86,3.92,情報によると、パイロットやスチュワーデスが,"정보에 따르면, 조종사와 승무원이",literal_draft,
voices,VOICEDATA.AFS:011,2,4.08,6,多数踊らされているということです。,많이 춤추게 되어 있다고 합니다.,literal_draft,
voices,VOICEDATA.AFS:011,3,9.34,10.22,宇宙人接近！,우주인 접근!,literal_draft,
voices,VOICEDATA.AFS:011,4,11.14,11.88,もう一回言うぞ。,한 번 더 말하겠다.,literal_draft,
voices,VOICEDATA.AFS:011,5,12.46,13.98,宇宙人にはAボタンビーム！,우주인에게는 A 버튼으로 빔!,literal_draft,
voices,VOICEDATA.AFS:011,6,14.24,15,了解！,알겠습니다!,literal_draft,
voices,VOICEDATA.AFS:011,7,16.16,16.66,Let's shoot!,,english_keep,
voices,VOICEDATA.AFS:012,0,0,1.58,近くに宇宙人が潜んでいるぞ。,근처에 우주인이 숨어 있다.,literal_draft,
voices,VOICEDATA.AFS:012,1,1.76,4.08,しつこいようだが、宇宙人にはAボタンビーム！,"끈질기게 말하지만,
우주인에게는 A 버튼으로 빔!",literal_draft,
voices,VOICEDATA.AFS:012,2,4.2,4.66,了解！,알겠습니다!,literal_draft,
voices,VOICEDATA.AFS:012,3,7.74,8.3,Let's shoot!,,english_keep,
voices,VOICEDATA.AFS:013,0,0.78,3.22,ハードでセクシーな人が踊らされています。,하드하고 섹시한 사람이 춤추게 되어 있습니다.,literal_draft,
voices,VOICEDATA.AFS:013,1,3.36,4.64,うらら、張り切っていけ。,"울랄라, 힘차게 가라.",literal_draft,
voices,VOICEDATA.AFS:013,2,5.5,6.06,了解。,알겠습니다.,literal_draft,
voices,VOICEDATA.AFS:013,3,7.68,8.58,Let's dance!,,english_keep,
voices,VOICEDATA.AFS:014,0,0.82,3.22,スペースサラリーマンが踊らされています。,스페이스 샐러리맨이 춤추게 되어 있습니다.,literal_draft,
voices,VOICEDATA.AFS:014,1,3.36,4.64,うらら、張り切っていけ。,"울랄라, 힘차게 가라.",literal_draft,
voices,VOICEDATA.AFS:014,2,5.7,6.18,了解。,알겠습니다.,literal_draft,
voices,VOICEDATA.AFS:014,3,7.7,8.46,Let's dance!,,english_keep,
voices,VOICEDATA.AFS:015,0,0,1.62,うらら、次は発射台だ。,"울랄라, 다음은 발사대다.",literal_draft,
voices,VOICEDATA.AFS:015,1,1.84,2.3,了解。,알겠습니다.,literal_draft,
voices,VOICEDATA.AFS:015,2,2.66,3.22,あ、危ない！,"아, 위험해!",literal_draft,
voices,VOICEDATA.AFS:015,3,4.26,5.38,私の指示通りに飛べ！,내 지시대로 뛰어라!,literal_draft,
voices,VOICEDATA.AFS:015,4,7.16,7.8,うわあ！,으아!,literal_draft,
voices,VOICEDATA.AFS:015,5,9.94,10.54,飛びます！,뛰겠습니다!,literal_draft,
voices,VOICEDATA.AFS:016,0,0,1.6,管制塔にやってきました。,관제탑에 왔습니다.,literal_draft,
voices,VOICEDATA.AFS:016,1,1.98,4.58,情報によると、出動したスペースレスキュー隊が,"정보에 따르면, 출동한 스페이스 구조대가",literal_draft,
voices,VOICEDATA.AFS:016,2,4.58,7.26,逆に踊らされているということです。,거꾸로 춤추게 되어 있다고 합니다.,literal_draft,
voices,VOICEDATA.AFS:016,3,10.32,11.12,宇宙人、接近！,우주인 접근!,literal_draft,
voices,VOICEDATA.AFS:016,4,11.72,12.56,滑って落ちんなよ！,미끄러져 떨어지지 마라!,literal_draft,
voices,VOICEDATA.AFS:016,5,12.84,13.1,了解！,알겠습니다!,literal_draft,
voices,VOICEDATA.AFS:016,6,16.08,16.64,Let's shoot!,,english_keep,
voices,VOICEDATA.AFS:017,0,0,2.38,近くに宇宙人が潜んでいるぞ。,근처에 우주인이 숨어 있다.,literal_draft,
voices,VOICEDATA.AFS:017,1,2.58,5.02,しつこいようだが、宇宙人にはAボタンビーム！,"끈질기게 말하지만,
우주인에게는 A 버튼으로 빔!",literal_draft,
voices,VOICEDATA.AFS:017,2,5.28,6,了解！,알겠습니다!,literal_draft,
voices,VOICEDATA.AFS:017,3,7.8,8.28,Let's shoot!,,english_keep,
voices,VOICEDATA.AFS:018,0,0,1.62,うらら、次は発射台だ。,"울랄라, 다음은 발사대다.",literal_draft,
voices,VOICEDATA.AFS:018,1,1.82,2.34,了解。,알겠습니다.,literal_draft,
voices,VOICEDATA.AFS:018,2,2.7,3.92,あっ、まだいた。,"앗, 아직 있었다.",literal_draft,
voices,VOICEDATA.AFS:018,3,4.48,5.74,チューと言ったらAボタン、ビーム。,‘츄’라고 하면 A 버튼으로 빔.,literal_draft,
voices,VOICEDATA.AFS:018,4,9.88,10.58,撃ちます。,쏘겠습니다.,literal_draft,
voices,VOICEDATA.AFS:019,0,0.88,2.68,ロケット発射台にやってきました。,로켓 발사대에 왔습니다.,literal_draft,
voices,VOICEDATA.AFS:019,1,3.16,3.7,なんでしょう？,뭘까요?,literal_draft,
voices,VOICEDATA.AFS:019,2,4.54,7.1,怪しい気配がギュンギュンします！,수상한 기척이 강하게 느껴집니다!,literal_draft,
voices,VOICEDATA.AFS:019,3,11.18,12.12,上空から円盤接近！,상공에서 비행접시 접근!,literal_draft,
voices,VOICEDATA.AFS:019,4,12.62,13.36,注意しろ、うらら！,"주의해라, 울랄라!",literal_draft,
voices,VOICEDATA.AFS:019,5,13.54,14,了解！,알겠습니다!,literal_draft,
voices,VOICEDATA.AFS:019,6,22.18,24.12,生物でしょうか？ロボットでしょうか？,생물일까요? 로봇일까요?,literal_draft,
voices,VOICEDATA.AFS:019,7,24.28,25.82,とりあえず踊ってみたいと思います！,일단 춤을 춰 보고 싶습니다!,literal_draft,
voices,VOICEDATA.AFS:019,8,30.34,32.08,Let's dance!,,english_keep,
voices,VOICEDATA.AFS:020,0,0,3,ご覧ください、ボスの口から何か出てきます。,"보십시오, 보스의 입에서 뭔가 나옵니다.",literal_draft,
voices,VOICEDATA.AFS:020,1,7.2,9.32,なんじゃこの黄色い奴らは！,"뭐냐, 이 노란 녀석들은!",literal_draft,
voices,VOICEDATA.AFS:020,2,13.32,13.96,Let's shoot!,,english_keep,
voices,VOICEDATA.AFS:021,0,0,0.98,うらら、がんばれ！,"울랄라, 힘내라!",literal_draft,
voices,VOICEDATA.AFS:022,0,0,1.12,視聴率上がってる！,시청률이 오르고 있어!,literal_draft,
voices,VOICEDATA.AFS:023,0,0,1.06,いいねー！,좋네!,literal_draft,
voices,VOICEDATA.AFS:024,0,0,0.54,その調子！,그 기세로!,literal_draft,
voices,VOICEDATA.AFS:025,0,0,1.42,おー、いい感じ！,"오, 좋은 느낌!",literal_draft,
voices,VOICEDATA.AFS:026,0,0.3,1.6,うん、エクセレント！,"음, Excellent!",literal_draft,
voices,VOICEDATA.AFS:027,0,0,1.16,本気でやってる？,진지하게 하고 있어?,literal_draft,
voices,VOICEDATA.AFS:028,0,0,1.52,頑張ってくれよ！,힘 좀 내 줘!,literal_draft,
voices,VOICEDATA.AFS:029,0,0,0.98,なってない！,제대로 안 되잖아!,literal_draft,
voices,VOICEDATA.AFS:030,0,0,1.96,こら、どうした？,"이봐, 왜 그래?",literal_draft,
voices,VOICEDATA.AFS:031,0,0,1.54,おいおいおいおい！,"이봐, 이봐, 이봐, 이봐!",literal_draft,
voices,VOICEDATA.AFS:032,0,0,1.64,頼むよ、うららさん。,"부탁이야, 울랄라 씨.",literal_draft,
voices,VOICEDATA.AFS:033,0,0,1.98,そうそう、いいぞ！,"그래, 그래. 좋아!",literal_draft,
voices,VOICEDATA.AFS:034,0,0,1.26,なかなか決まってるぞ！,제법 멋지다!,literal_draft,
voices,VOICEDATA.AFS:035,0,0,1.46,結構いい感じ！,꽤 좋은 느낌!,literal_draft,
voices,VOICEDATA.AFS:036,0,0.0,1.08,"Good, good!",,english_keep,
voices,VOICEDATA.AFS:037,0,0,1.4,視聴率アップ！,시청률 상승!,literal_draft,
voices,VOICEDATA.AFS:038,0,0,0.78,いいじゃない！,좋잖아!,literal_draft,
voices,VOICEDATA.AFS:039,0,0,2.3,乗ってきたな。いいぞ！,흥이 나기 시작했군. 좋아!,literal_draft,
voices,VOICEDATA.AFS:040,0,0.0,1.06,Nice! Nice!,,english_keep,
voices,VOICEDATA.AFS:041,0,0,1.58,なんか、すごくいいわ！,뭔가 무척 좋아!,literal_draft,
voices,VOICEDATA.AFS:042,0,0,1.98,うーん、ダイナマイト！,"음, Dynamite!",literal_draft,
voices,VOICEDATA.AFS:043,0,0,1.6,はうん、ステキよ！,"하아, 멋져!",literal_draft,
voices,VOICEDATA.AFS:044,0,0,1.66,切ないほど、ステキ！,애달플 만큼 멋져!,literal_draft,
voices,VOICEDATA.AFS:045,0,0.0,0.74,Perfect!,,english_keep,
voices,VOICEDATA.AFS:046,0,0,1.38,あと一回ミスしたら終わりだぞ！,한 번만 더 실수하면 끝이다!,literal_draft,
voices,VOICEDATA.AFS:047,0,0,1.12,もう、おしまい、おしまい、もう！,"이젠 끝이야, 끝이야, 이제!",literal_draft,
voices,VOICEDATA.AFS:048,0,0,1.06,もう、ダメだ。,이젠 안 돼.,literal_draft,
voices,VOICEDATA.AFS:049,0,0,1.9,なかなかいいぞ、その調子だ！,"제법 좋아, 그 기세다!",literal_draft,
voices,VOICEDATA.AFS:050,0,1.4,3.48,手強い。うらら、頑張れ！,"만만치 않군. 울랄라, 힘내라!",literal_draft,
voices,VOICEDATA.AFS:051,0,0,1.2,動き悪いぞ！,움직임이 좋지 않아!,literal_draft,
voices,VOICEDATA.AFS:052,0,0,1.32,相手をよく見て！,상대를 잘 봐!,literal_draft,
voices,VOICEDATA.AFS:053,0,0,1,もっと激しく！,좀 더 격렬하게!,literal_draft,
voices,VOICEDATA.AFS:054,0,0,2.16,全然合ってないぞ！,전혀 안 맞잖아!,literal_draft,
voices,VOICEDATA.AFS:055,0,0.0,1.0,キレが悪いぞ！,동작에 절도가 없군!,needs_listening,
voices,VOICEDATA.AFS:056,0,0,1.36,なんだそのカッコ悪いのは！,"뭐냐, 그 볼품없는 건!",literal_draft,
voices,VOICEDATA.AFS:057,0,0,1.58,腰だ！腰を振れ！,허리다! 허리를 흔들어!,literal_draft,
voices,VOICEDATA.AFS:058,0,0.0,0.8,Nice dance!,,english_keep,
voices,VOICEDATA.AFS:059,0,0,1.48,しっかり狙って！,확실히 겨눠!,literal_draft,
voices,VOICEDATA.AFS:060,0,0,3.18,ああ、もう。ちゃんと狙って！,"아아, 정말. 제대로 겨눠!",literal_draft,
voices,VOICEDATA.AFS:061,0,0,1.08,当たってないぞ！,안 맞고 있잖아!,literal_draft,
voices,VOICEDATA.AFS:062,0,0,1.6,何やってんの、うらら！,"뭐 하는 거야, 울랄라!",literal_draft,
voices,VOICEDATA.AFS:063,0,0,1.5,やる気あんのか、うらら！,"의욕은 있는 거냐, 울랄라!",literal_draft,
voices,VOICEDATA.AFS:064,0,0,1.2,今のよかったぞ、うらら！,"방금 건 좋았다, 울랄라!",literal_draft,
voices,VOICEDATA.AFS:065,0,0,1.42,おー、いい感じ！,"오, 좋은 느낌!",literal_draft,
voices,VOICEDATA.AFS:066,0,0,1.62,うららちゃん、最高だわ！,"울랄라, 최고야!",literal_draft,
voices,VOICEDATA.AFS:067,0,0,1.62,うららちゃん素敵！,"울랄라, 멋져!",literal_draft,
voices,VOICEDATA.AFS:068,0,0.26,1.44,それでもプロか、うらら！,"그러고도 프로냐, 울랄라!",literal_draft,
voices,VOICEDATA.AFS:069,0,0,1.96,俺をがっかりさせるな、うらら！,"날 실망시키지 마라, 울랄라!",literal_draft,
voices,VOICEDATA.AFS:070,0,0,2.14,ずっこけ大作戦か、お前は！,넌 넘어지기 대작전이라도 하는 거냐!,literal_draft,
voices,VOICEDATA.AFS:071,0,0,2.1,何だったんだ、今のは、うらら！,"뭐였냐, 방금 건, 울랄라!",literal_draft,
voices,VOICEDATA.AFS:072,0,0.28,1.98,気を抜きすぎだぞ、うらら！,"너무 방심하고 있어, 울랄라!",literal_draft,
voices,VOICEDATA.AFS:073,0,0,1.52,やればできるじゃないか、うらら！,"하면 할 수 있잖아, 울랄라!",literal_draft,
voices,VOICEDATA.AFS:074,0,0,1.96,なかなか決まってたぞ、うらら！,"제법 멋졌다, 울랄라!",literal_draft,
voices,VOICEDATA.AFS:075,0,0,1.56,大変よくできました、うらら！,"아주 잘했습니다, 울랄라!",literal_draft,
voices,VOICEDATA.AFS:076,0,0,1.36,すごくよかったぞ、うらら！,"무척 좋았다, 울랄라!",literal_draft,
voices,VOICEDATA.AFS:077,0,0,1.04,かっこよかったぞ、うらら！,"멋있었다, 울랄라!",literal_draft,
voices,VOICEDATA.AFS:078,0,0,1.48,ダイナマイト、しびれる！,"Dynamite, 짜릿해!",literal_draft,
voices,VOICEDATA.AFS:079,0,0,1.82,ああ、もう、うららちゃんったら！,"아아, 정말, 울랄라도 참!",literal_draft,
voices,VOICEDATA.AFS:080,0,0,2.16,うららちゃん、ヒャッホー！ヒャッホー！,"울랄라, 야호! 야호!",literal_draft,
voices,VOICEDATA.AFS:081,0,0,1.76,よくって、よくって、よすぎる！,"좋고, 좋고, 너무 좋아!",literal_draft,
voices,VOICEDATA.AFS:082,0,0,1.32,ステキ、ステキ、ステキ！,"멋져, 멋져, 멋져!",literal_draft,
voices,VOICEDATA.AFS:083,0,0,1.36,10点！10点！10点！,10점! 10점! 10점!,literal_draft,
voices,VOICEDATA.AFS:084,0,0.0,3.04,だららららららら ん ヨッコン,,asr_draft,
voices,VOICEDATA.AFS:084,1,3.04,3.7,dống,,asr_draft,
voices,VOICEDATA.AFS:085,0,0.0,3.78,パッパッパラッパララッパー、ヒュー!,,asr_draft,
voices,VOICEDATA.AFS:086,0,0.0,2.42,パララララララ、ヒュー!,,asr_draft,
voices,VOICEDATA.AFS:087,0,0,1.48,はい、うらら続投！,"좋아, 울랄라 계속 출연!",literal_draft,
voices,VOICEDATA.AFS:088,0,0.0,1.58,お前、いいわ。ごま。,,asr_draft,
voices,VOICEDATA.AFS:089,0,0,1.46,はい、うらら、絶好調！,"그래, 울랄라, 절호조!",literal_draft,
voices,VOICEDATA.AFS:090,0,0,1.62,視聴率下がってるぞ！,시청률이 내려가고 있어!,literal_draft,
voices,VOICEDATA.AFS:091,0,0,1.22,地球人を解放しました。,지구인을 해방시켰습니다.,literal_draft,
voices,VOICEDATA.AFS:092,0,0,0.98,救出失敗です。,구출 실패입니다.,literal_draft,
voices,VOICEDATA.AFS:093,0,0,0.68,終わってしまいました。,끝나 버렸습니다.,literal_draft,
voices,VOICEDATA.AFS:094,0,0,1.08,プリンに勝ちました！,푸딩에게 이겼습니다!,literal_draft,
voices,VOICEDATA.AFS:095,0,0,0.96,プリンに負けました！,푸딩에게 졌습니다!,literal_draft,
voices,VOICEDATA.AFS:096,0,0,1.06,ジャガーに勝ちました！,재규어에게 이겼습니다!,literal_draft,
voices,VOICEDATA.AFS:097,0,0,1,ジャガーに負けました！,재규어에게 졌습니다!,literal_draft,
voices,VOICEDATA.AFS:098,0,0,1.02,完璧に救出しました！,완벽하게 구출했습니다!,literal_draft,
voices,VOICEDATA.AFS:099,0,0,1.18,救出大成功です！,구출 대성공입니다!,literal_draft,
voices,VOICEDATA.AFS:100,0,0,1.06,あらかた救出しました。,거의 다 구출했습니다.,literal_draft,
voices,VOICEDATA.AFS:101,0,0,0.92,割と救出しました。,꽤 구출했습니다.,literal_draft,
voices,VOICEDATA.AFS:102,0,0,0.72,今一つでした。,조금 부족했습니다.,literal_draft,
voices,VOICEDATA.AFS:103,0,0,1.34,あまり救出できませんでした。,별로 구출하지 못했습니다.,literal_draft,
voices,VOICEDATA.AFS:104,0,0,1.2,救出大失敗です！,구출 대실패입니다!,literal_draft,
voices,VOICEDATA.AFS:105,0,0,1,全員やっつけました！,모두 해치웠습니다!,literal_draft,
voices,VOICEDATA.AFS:106,0,0,0.92,割と命中しました。,꽤 명중시켰습니다.,literal_draft,
voices,VOICEDATA.AFS:107,0,0,0.94,結構やっつけました！,꽤 많이 해치웠습니다!,literal_draft,
voices,VOICEDATA.AFS:108,0,0,1.22,あまり命中しませんでした。,별로 명중시키지 못했습니다.,literal_draft,
voices,VOICEDATA.AFS:109,0,0,0.7,今ひとつでした。,조금 부족했습니다.,literal_draft,
voices,VOICEDATA.AFS:110,0,0,0.98,全部外しました。,전부 빗나갔습니다.,literal_draft,
voices,VOICEDATA.AFS:111,0,0,1.08,完璧に解放しました！,완벽하게 해방시켰습니다!,literal_draft,
voices,VOICEDATA.AFS:112,0,0,0.92,結構解放しました。,꽤 많이 해방시켰습니다.,literal_draft,
voices,VOICEDATA.AFS:113,0,0,1.34,あまり解放できませんでした。,별로 해방시키지 못했습니다.,literal_draft,
voices,VOICEDATA.AFS:114,0,0,1.32,解放大失敗です。,해방은 대실패입니다.,literal_draft,
voices,VOICEDATA.AFS:115,0,0,0.52,ふぅ。,휴.,literal_draft,
voices,VOICEDATA.AFS:116,0,0,0.44,逃げた！,도망쳤다!,literal_draft,
voices,VOICEDATA.AFS:117,0,0,1.14,救出成功です！,구출 성공입니다!,literal_draft,
voices,VOICEDATA.AFS:118,0,0,1.54,チューと言ったらAボタンだ。,‘츄’라고 하면 A 버튼이다.,literal_draft,
voices,VOICEDATA.AFS:118,1,1.76,2.1,了解。,알겠습니다.,literal_draft,
voices,VOICEDATA.AFS:119,0,0,1.58,地球人にはBボタン、ビーム！,지구인에게는 B 버튼으로 빔!,literal_draft,
voices,VOICEDATA.AFS:119,1,1.8,2.1,了解！,알겠습니다!,literal_draft,
voices,VOICEDATA.AFS:120,0,0.66,2.44,チャンネルはそのまま。,채널은 그대로.,literal_draft,
voices,VOICEDATA.AFS:120,1,2.72,3.76,今のわかんなかった？,방금 건 이해가 안 됐어?,literal_draft,
voices,VOICEDATA.AFS:121,0,1.1,2.42,チャンネルはそのまま。,채널은 그대로.,literal_draft,
voices,VOICEDATA.AFS:121,1,2.56,3.46,Nice shooting!,,english_keep,
voices,VOICEDATA.AFS:122,0,0.7,2.48,チャンネルはそのまま。,채널은 그대로.,literal_draft,
voices,VOICEDATA.AFS:122,1,2.72,3.6,ステキー！,멋져!,literal_draft,
voices,VOICEDATA.AFS:123,0,0.94,2.78,チャンネルはそのまま。,채널은 그대로.,literal_draft,
voices,VOICEDATA.AFS:123,1,3.02,4.62,最後に決めたかったんだけどな。,마지막에 잘해내고 싶었는데 말이지.,literal_draft,
voices,VOICEDATA.AFS:124,0,1.16,2.68,チャンネルはそのまま。,채널은 그대로.,literal_draft,
voices,VOICEDATA.AFS:124,1,2.72,3.7,Nice shooting!,,english_keep,
voices,VOICEDATA.AFS:125,0,0,2.82,チャンネルはそのまま。,채널은 그대로.,literal_draft,
voices,VOICEDATA.AFS:125,1,2.98,3.9,ステキー！,멋져!,literal_draft,
voices,VOICEDATA.AFS:126,0,0.82,2.56,チャンネルはそのまま。,채널은 그대로.,literal_draft,
voices,VOICEDATA.AFS:126,1,2.78,4.38,最後に決めたかったんだけどな。,마지막에 잘해내고 싶었는데 말이지.,literal_draft,
voices,VOICEDATA.AFS:127,0,1.16,2.34,チャンネルはそのまま。,채널은 그대로.,literal_draft,
voices,VOICEDATA.AFS:127,1,2.56,3.6,Nice action!,,english_keep,
voices,VOICEDATA.AFS:128,0,0.84,2.5,チャンネルはそのまま。,채널은 그대로.,literal_draft,
voices,VOICEDATA.AFS:128,1,2.76,3.6,ステキー！,멋져!,literal_draft,
voices,VOICEDATA.AFS:129,0,0.74,2.44,チャンネルはそのまま。,채널은 그대로.,literal_draft,
voices,VOICEDATA.AFS:129,1,2.76,4.38,最後に決めたかったんだけどな。,마지막에 잘해내고 싶었는데 말이지.,literal_draft,
voices,VOICEDATA.AFS:130,0,1.08,2.42,チャンネルはそのまま。,채널은 그대로.,literal_draft,
voices,VOICEDATA.AFS:130,1,2.6,3.26,Nice shooting!,,english_keep,
voices,VOICEDATA.AFS:131,0,0,2.44,チャンネルはそのまま！,채널은 그대로!,literal_draft,
voices,VOICEDATA.AFS:131,1,2.74,3.58,ステキー！,멋져!,literal_draft,
voices,VOICEDATA.AFS:132,0,0,3.1,以上、スペース豪華客船より、うららがお伝えしました。,"이상, 스페이스 호화 여객선에서
울랄라가 전해 드렸습니다.",literal_draft,
voices,VOICEDATA.AFS:132,1,4.42,6.24,スペースチャンネル5。,스페이스 채널 5.,literal_draft,
voices,VOICEDATA.AFS:132,2,6.78,8.06,うららさん、ありがとう！,"울랄라 씨, 고마워요!",literal_draft,
voices,VOICEDATA.AFS:133,0,0,2.8,以上、スペースポートより、うららがお伝えしました。,"이상, 스페이스포트에서
울랄라가 전해 드렸습니다.",literal_draft,
voices,VOICEDATA.AFS:133,1,4.32,6.1,スペースチャンネル5。,스페이스 채널 5.,literal_draft,
voices,VOICEDATA.AFS:134,0,0.72,2.14,みなさんこんばんは。,"여러분, 좋은 저녁입니다.",literal_draft,
voices,VOICEDATA.AFS:134,1,2.4,4.16,今夜のうららリポートショーは、,"오늘 밤의 울랄라 리포트 쇼는,",literal_draft,
voices,VOICEDATA.AFS:134,2,4.24,9.28,宇宙人が踊りあばれるスペース豪華客船から生中継でお送りします。,"우주인이 춤추며 날뛰는 스페이스 호화 여객선에서
생중계로 보내 드립니다.",literal_draft,
voices,VOICEDATA.AFS:134,3,11.8,13.02,コックピットにやってきました。,조종실에 왔습니다.,literal_draft,
voices,VOICEDATA.AFS:134,4,13.52,16.38,いきなりだがうらら、前方に宇宙人反応。,"갑작스럽지만, 울랄라.
전방에 우주인 반응이다.",literal_draft,
voices,VOICEDATA.AFS:134,5,16.76,17.04,了解。,알겠습니다.,literal_draft,
voices,VOICEDATA.AFS:134,6,24.42,24.94,Let's shoot!,,english_keep,
voices,VOICEDATA.AFS:135,0,0,2.52,あっ、前方に踊らされたスペースキャプテンです！,"앗, 전방에 춤추게 된 스페이스 캡틴입니다!",literal_draft,
voices,VOICEDATA.AFS:135,1,2.72,4.68,うらら、踊って踊って救出だ！,"울랄라, 춤추고 춤춰서 구출해라!",literal_draft,
voices,VOICEDATA.AFS:135,2,5.62,6.18,了解！,알겠습니다!,literal_draft,
voices,VOICEDATA.AFS:135,3,7.76,8.58,Let's dance!,,english_keep,
voices,VOICEDATA.AFS:136,0,0,2.06,うらら、次はビュッフェに向かえ。,"울랄라, 다음은 뷔페로 가라.",literal_draft,
voices,VOICEDATA.AFS:136,1,2.18,2.64,了解。,알겠습니다.,literal_draft,
voices,VOICEDATA.AFS:136,2,3.3,4,あっ、まだいた！,"앗, 아직 있었다!",literal_draft,
voices,VOICEDATA.AFS:136,3,4.68,5.94,チューと言ったらAボタン、ビーム！,‘츄’라고 하면 A 버튼으로 빔!,literal_draft,
voices,VOICEDATA.AFS:136,4,8.3,8.9,撃ちます！,쏘겠습니다!,literal_draft,
voices,VOICEDATA.AFS:137,0,0,2.08,うらら、次はダストルームに向かえ。,"울랄라, 다음은 더스트 룸으로 가라.",literal_draft,
voices,VOICEDATA.AFS:137,1,2.2,2.64,了解。,알겠습니다.,literal_draft,
voices,VOICEDATA.AFS:137,2,3.3,5.96,あっ、まだいた。チューと言ったらAボタン、ビーム。,"앗, 아직 있었다.
‘츄’라고 하면 A 버튼으로 빔.",literal_draft,
voices,VOICEDATA.AFS:137,3,8.28,8.92,撃ちます。,쏘겠습니다.,literal_draft,
voices,VOICEDATA.AFS:138,0,0,2.84,ダストルームにつながる通気口からお送りしております。,"더스트 룸으로 이어지는 통풍구에서
보내 드리고 있습니다.",literal_draft,
voices,VOICEDATA.AFS:138,1,3.16,4.86,うらら、そのまま直進だ。,"울랄라, 그대로 직진이다.",literal_draft,
voices,VOICEDATA.AFS:138,2,5.12,5.76,了解。,알겠습니다.,literal_draft,
voices,VOICEDATA.AFS:138,3,6.42,9.4,真っ暗です。足元をスペースネズミが走り抜けていきます。,"캄캄합니다. 발밑으로
스페이스 쥐가 달려 지나갑니다.",literal_draft,
voices,VOICEDATA.AFS:138,4,12.2,14.5,宇宙人です。踊らされた人もいる模様です。,우주인입니다. 춤추게 된 사람도 있는 모양입니다.,literal_draft,
voices,VOICEDATA.AFS:138,5,15.12,15.98,うらら、GO！,"울랄라, GO!",literal_draft,
voices,VOICEDATA.AFS:138,6,17.72,18.52,Let's dance!,,english_keep,
voices,VOICEDATA.AFS:139,0,0,2.4,うらら、前方の穴からダストルームに抜けろ。,"울랄라, 전방의 구멍으로
더스트 룸으로 빠져나가라.",literal_draft,
voices,VOICEDATA.AFS:139,1,2.68,3,了解。,알겠습니다.,literal_draft,
voices,VOICEDATA.AFS:139,2,7.12,8.46,ダストルームにやってきました。,더스트 룸에 왔습니다.,literal_draft,
voices,VOICEDATA.AFS:139,3,8.96,10.36,うらら、ゴミ箱の中から来るぞ！,"울랄라, 쓰레기통 안에서 온다!",needs_listening,
voices,VOICEDATA.AFS:139,4,12.76,13.36,Let's shoot!,,english_keep,
voices,VOICEDATA.AFS:140,0,0,2.18,うらら、次はパノラマ展望室に向かえ。,"울랄라, 다음은 파노라마 전망실로 가라.",literal_draft,
voices,VOICEDATA.AFS:140,1,2.32,2.86,了解。,알겠습니다.,literal_draft,
voices,VOICEDATA.AFS:140,2,3.16,4.16,ああ、まだいた。,"아아, 아직 있었다.",literal_draft,
voices,VOICEDATA.AFS:140,3,4.88,6.36,チューに合わせてAボタン、ビーム。,‘츄’에 맞춰 A 버튼으로 빔.,literal_draft,
voices,VOICEDATA.AFS:140,4,8.34,8.92,撃ちます。,쏘겠습니다.,literal_draft,
voices,VOICEDATA.AFS:141,0,0,3.28,ビュッフェにやってきました。おいしいにおいがギュンギュンします。,"뷔페에 왔습니다.
맛있는 냄새가 강하게 느껴집니다.",literal_draft,
voices,VOICEDATA.AFS:141,1,3.6,4.82,気を散らすな、うらら。,"한눈팔지 마라, 울랄라.",literal_draft,
voices,VOICEDATA.AFS:141,2,5.08,6.18,了解。,알겠습니다.,literal_draft,
voices,VOICEDATA.AFS:141,3,10.5,12.74,うらら、らせんエスカレーターの方から来るぞ。,"울랄라, 나선형 에스컬레이터
쪽에서 온다!",needs_listening,
voices,VOICEDATA.AFS:141,4,16.1,16.7,Let's shoot!,,english_keep,
voices,VOICEDATA.AFS:142,0,0,2,スペーススーパーモデルが踊らされています。,스페이스 슈퍼모델이 춤추게 되어 있습니다.,literal_draft,
voices,VOICEDATA.AFS:142,1,5.18,7.32,うらら、救出して差し上げろ。,"울랄라, 구출해 드려라.",literal_draft,
voices,VOICEDATA.AFS:142,2,9.42,10.34,Let's dance!,,english_keep,
voices,VOICEDATA.AFS:143,0,0,2,スペースおばあちゃんが踊らされています。,스페이스 할머니가 춤추게 되어 있습니다.,literal_draft,
voices,VOICEDATA.AFS:143,1,5.24,7.84,うらら、救出して差し上げて。,"울랄라, 구출해 드려라.",literal_draft,
voices,VOICEDATA.AFS:143,2,9.42,10.28,Let's dance!,,english_keep,
voices,VOICEDATA.AFS:144,0,0,2.26,チャンネル5、番組はいただくぞ！,"채널 5, 방송은 가져가겠다!",literal_draft,
voices,VOICEDATA.AFS:144,1,2.7,3.22,何ですって？,뭐라고요?,needs_listening,
voices,VOICEDATA.AFS:144,2,5.2,7.98,どうした、うらら？おい、何が起こってるんだ？,"왜 그래, 울랄라?
이봐, 무슨 일이 일어나고 있나?",literal_draft,
voices,VOICEDATA.AFS:144,3,8.46,10,放送システムチェック急げ！,방송 시스템 점검을 서둘러라!,literal_draft,
voices,VOICEDATA.AFS:144,4,10.96,13.2,や、奴らは宇宙海賊放送局！,"저, 녀석들은 우주 해적 방송국!",literal_draft,
voices,VOICEDATA.AFS:144,5,13.78,16.84,私の名前は、ジョー!,,needs_listening,
voices,VOICEDATA.AFS:144,6,17.22,19.12,真実を伝えるのは我々だ！,진실을 전하는 건 우리다!,literal_draft,
voices,VOICEDATA.AFS:144,7,19.74,22.22,邪魔するなら、踊りで勝負！,"방해하겠다면, 춤으로 승부!",literal_draft,
voices,VOICEDATA.AFS:144,8,22.68,23.54,Let's dance!,,english_keep,
voices,VOICEDATA.AFS:145,0,0.78,4.98,意外とやるじゃないか。だが、また会おう。,"뜻밖에도 제법 하는군.
하지만, 다시 만나자.",literal_draft,
voices,VOICEDATA.AFS:145,1,5.24,5.4,待って！,기다려!,literal_draft,
voices,VOICEDATA.AFS:146,0,0.84,4.3,話にならんな。ずっとここで遊んでいるがいい。,"얘기가 안 되는군.
계속 여기서 놀고 있거라.",literal_draft,
voices,VOICEDATA.AFS:146,1,5.14,5.4,待って！,기다려!,literal_draft,
voices,VOICEDATA.AFS:147,0,0,2.88,うらら、次はパノラマ展望室へ向かえ。,"울랄라, 다음은 파노라마 전망실로 가라.",literal_draft,
voices,VOICEDATA.AFS:147,1,3.24,6.2,あっ、まだいた。チューと言ったらAボタン、ビーム。,"앗, 아직 있었다.
‘츄’라고 하면 A 버튼으로 빔.",literal_draft,
voices,VOICEDATA.AFS:147,2,9.92,10.6,撃ちます。,쏘겠습니다.,literal_draft,
voices,VOICEDATA.AFS:148,0,0,2.12,パノラマ展望室にやってきました。,파노라마 전망실에 왔습니다.,literal_draft,
voices,VOICEDATA.AFS:148,1,2.26,2.52,あ！,아!,literal_draft,
voices,VOICEDATA.AFS:148,2,3.74,6.54,UFOの母艦はすでに撤退を始めているぞ。,UFO의 모함은 이미 철수를 시작하고 있다.,literal_draft,
voices,VOICEDATA.AFS:148,3,6.98,8.98,追わなくていいのか、チャンネル5。,"쫓지 않아도 되나, 채널 5.",literal_draft,
voices,VOICEDATA.AFS:148,4,9.5,11.18,うん、じゃがめ。,,needs_listening,
voices,VOICEDATA.AFS:148,5,11.52,13.36,あ、何かが転送されてきます。,"아, 뭔가가 전송되어 옵니다.",literal_draft,
voices,VOICEDATA.AFS:148,6,14.28,15.98,タコでしょうか、イカでしょうか。,"문어일까요, 오징어일까요.",literal_draft,
voices,VOICEDATA.AFS:148,7,16.6,18.12,小学生たちが捕まっているらしい。,초등학생들이 잡혀 있는 모양이다.,literal_draft,
voices,VOICEDATA.AFS:148,8,18.74,20.22,ああ、生徒たちが。,"아아, 학생들이.",literal_draft,
voices,VOICEDATA.AFS:148,9,20.7,22.12,まずは救出が優先だ。,우선은 구출이 먼저다.,literal_draft,
voices,VOICEDATA.AFS:148,10,23.42,23.8,了解。,알겠습니다.,literal_draft,
voices,VOICEDATA.AFS:149,0,0.82,3.36,ボスがシクシクしています。,보스가 훌쩍훌쩍 울고 있습니다.,literal_draft,
voices,VOICEDATA.AFS:149,1,5.24,6.64,でもこれで終わるとは思いません。,하지만 이걸로 끝날 것 같지는 않습니다.,literal_draft,
voices,VOICEDATA.AFS:149,2,8.48,9.5,やっぱり動き出しました！,역시 움직이기 시작했습니다!,literal_draft,
voices,VOICEDATA.AFS:149,3,11.12,12.78,まずい！重力が無くなっている！,큰일이다! 중력이 사라지고 있다!,literal_draft,
voices,VOICEDATA.AFS:150,0,1.14,2.96,いやー！巻かないでー！,싫어! 휘감지 마!,literal_draft,
voices,VOICEDATA.AFS:150,1,3.18,4,うららー！,울랄라!,literal_draft,
voices,VOICEDATA.AFS:150,2,4.68,7.04,ぬるぬるします！激しくぬるぬるしています！,"미끈미끈합니다!
심하게 미끈미끈합니다!",literal_draft,
voices,VOICEDATA.AFS:151,0,0,2,おい！何だ今の奴は！,이봐! 방금 그 녀석은 뭐냐!,literal_draft,
voices,VOICEDATA.AFS:151,1,3.54,4.02,はあ？,하아?,literal_draft,
voices,VOICEDATA.AFS:151,2,4.4,7.04,皆さんこんばんは！プリンでーす！,"여러분, 안녕하세요! 푸딩이에요!",literal_draft,
voices,VOICEDATA.AFS:151,3,7.24,7.7,同業者か？,동종업자인가?,literal_draft,
voices,VOICEDATA.AFS:151,4,7.96,10.04,リポート見るなら42チャン！,리포트를 보려면 채널 42!,literal_draft,
voices,VOICEDATA.AFS:151,5,10.34,12.02,負けるな、うらら！,"지지 마라, 울랄라!",literal_draft,
voices,VOICEDATA.AFS:151,6,12.14,13.12,了解！,알겠습니다!,literal_draft,
voices,VOICEDATA.AFS:151,7,13.5,14.38,踊りで勝負よ！,춤으로 승부야!,literal_draft,
voices,VOICEDATA.AFS:151,8,16.06,16.88,Let's dance!,,english_keep,
voices,VOICEDATA.AFS:152,0,0,1.56,チャンネルはそのまま。,채널은 그대로.,literal_draft,
voices,VOICEDATA.AFS:152,1,1.74,2.78,Beautiful shooting!,,english_keep,
voices,VOICEDATA.AFS:153,0,0,2.58,チャンネルはそのまま。ステキー！,채널은 그대로. 멋져!,literal_draft,
voices,VOICEDATA.AFS:154,0,0,1.62,チャンネルはそのまま。,채널은 그대로.,literal_draft,
voices,VOICEDATA.AFS:155,0,0,1.52,チャンネルはそのまま。,채널은 그대로.,literal_draft,
voices,VOICEDATA.AFS:155,1,1.8,2.78,Deluxe shooting!,,english_keep,
voices,VOICEDATA.AFS:156,0,0,1.66,チャンネルはそのまま。,채널은 그대로.,literal_draft,
voices,VOICEDATA.AFS:156,1,1.92,2.6,ステキー！,멋져!,literal_draft,
voices,VOICEDATA.AFS:157,0,0,1,チャンネルはそのまま。,채널은 그대로.,literal_draft,
voices,VOICEDATA.AFS:157,1,1.92,2.12,おい！,이봐!,literal_draft,
voices,VOICEDATA.AFS:158,0,0,1,チャンネルはそのまま！,채널은 그대로!,literal_draft,
voices,VOICEDATA.AFS:158,1,1.86,2.78,Deluxe shooting!,,english_keep,
voices,VOICEDATA.AFS:159,0,0,1,チャンネルはそのまま。,채널은 그대로.,literal_draft,
voices,VOICEDATA.AFS:159,1,1.9,2.66,ステキー！,멋져!,literal_draft,
voices,VOICEDATA.AFS:160,0,0,1.78,チャンネルはそのままです。,채널은 그대로입니다.,literal_draft,
voices,VOICEDATA.AFS:161,0,0,2.02,チャンネルはそのまま。,채널은 그대로.,literal_draft,
voices,VOICEDATA.AFS:162,0,0,2.22,チャンネルはそのまま。,채널은 그대로.,literal_draft,
voices,VOICEDATA.AFS:162,1,2.3,3.06,ステキー！,멋져!,literal_draft,
voices,VOICEDATA.AFS:163,0,0,1.96,チャンネルはそのまま。,채널은 그대로.,literal_draft,
voices,VOICEDATA.AFS:163,1,2.3,3.24,おいー！,이봐!,literal_draft,
voices,VOICEDATA.AFS:164,0,0,2.04,チャンネルはそのまま。,채널은 그대로.,literal_draft,
voices,VOICEDATA.AFS:164,1,2.04,3.44,Miracle shooting!,,english_keep,
voices,VOICEDATA.AFS:165,0,0,2.02,チャンネルはそのまま！,채널은 그대로!,literal_draft,
voices,VOICEDATA.AFS:165,1,2.34,2.94,ステキー！,멋져!,literal_draft,
voices,VOICEDATA.AFS:166,0,0,1.28,ブランクを追います。,블랭크를 쫓겠습니다.,literal_draft,
voices,VOICEDATA.AFS:166,1,2.06,2.46,追え！,쫓아라!,literal_draft,
voices,VOICEDATA.AFS:167,0,0,1.28,ブランクを追います！,블랭크를 쫓겠습니다!,literal_draft,
voices,VOICEDATA.AFS:167,1,1.96,2.98,Miracle shooting!,,english_keep,
voices,VOICEDATA.AFS:168,0,0,1.28,ブランクを追います！,블랭크를 쫓겠습니다!,literal_draft,
voices,VOICEDATA.AFS:168,1,1.94,2.6,ステキー！,멋져!,literal_draft,
voices,VOICEDATA.AFS:169,0,0,1.56,チャンネルはそのまま。,채널은 그대로.,literal_draft,
voices,VOICEDATA.AFS:169,1,1.84,2.92,今のは分かんなかった？,방금 건 이해가 안 됐어?,literal_draft,
voices,VOICEDATA.AFS:170,0,0,1.28,ずいぶんぬるいのね。,무척 시시하네.,literal_draft,
voices,VOICEDATA.AFS:171,0,0,0.5,退散！,퇴각!,literal_draft,
voices,VOICEDATA.AFS:172,0,0,1.32,つまんないの？,재미없어?,literal_draft,
voices,VOICEDATA.AFS:173,0,0,1.1,早く助けて！,빨리 구해 줘!,literal_draft,
voices,VOICEDATA.AFS:174,0,0,1.48,全然助かってないよ！,전혀 구해지지 않았어!,literal_draft,
voices,VOICEDATA.AFS:175,0,0,1.04,一応ありがとう。,일단 고마워.,literal_draft,
voices,VOICEDATA.AFS:176,0,0,1.06,何やってんのよ！,뭐 하는 거야!,literal_draft,
voices,VOICEDATA.AFS:177,0,0,0.9,意外とやるわね。,뜻밖에도 제법 하는구나.,literal_draft,
voices,VOICEDATA.AFS:178,0,0.32,1.42,隕石群が来るぞ！,운석 무리가 온다!,literal_draft,
voices,VOICEDATA.AFS:178,1,1.6,2.48,Aボタン連打用意！,A 버튼 연타 준비!,literal_draft,
voices,VOICEDATA.AFS:179,0,0,0.88,よけろ、うらら！,"피해라, 울랄라!",literal_draft,
voices,VOICEDATA.AFS:180,0,0,2.72,またチャンネル5か。行くぞ！,또 채널 5냐. 가자!,literal_draft,
voices,VOICEDATA.AFS:181,0,0,0.82,キャー！,꺄악!,literal_draft,
voices,VOICEDATA.AFS:181,1,0.9,3.52,基地に突入しました。視界がぐるぐるします。,"기지에 돌입했습니다.
시야가 빙글빙글 돕니다.",literal_draft,
voices,VOICEDATA.AFS:181,2,3.52,4.16,来るぞ！,온다!,literal_draft,
voices,VOICEDATA.AFS:182,0,0.3,1.7,助けてくれてもよくってよ。,구해 줘도 괜찮아.,literal_draft,
voices,VOICEDATA.AFS:182,1,1.86,2.84,踊らされてるのはプリンか？,춤추게 된 건 푸딩인가?,literal_draft,
voices,VOICEDATA.AFS:183,0,0,1.66,うらら、上下左右から来るぞ。,"울랄라, 상하좌우에서 온다.",literal_draft,
voices,VOICEDATA.AFS:183,1,1.82,2.1,了解。,알겠습니다.,literal_draft,
voices,VOICEDATA.AFS:184,0,0,1.28,中心部に突入します！,중심부에 돌입하겠습니다!,literal_draft,
voices,VOICEDATA.AFS:184,1,1.52,1.8,行け！,가라!,literal_draft,
voices,VOICEDATA.AFS:184,2,2.2,3.2,チャンネルはそのまま。,채널은 그대로.,literal_draft,
voices,VOICEDATA.AFS:185,0,0.76,7.74,ついに中心部にやってきました。テレビです。とても大きなテレビがあります。怪しい気配もギュンギュンします。,"드디어 중심부에 왔습니다. TV입니다.
아주 큰 TV가 있습니다.
수상한 기척도 강하게 느껴집니다.",literal_draft,
voices,VOICEDATA.AFS:185,1,8.42,10.46,注意しろ。画面の中に宇宙人反応。,주의해라. 화면 안에 우주인 반응이다.,literal_draft,
voices,VOICEDATA.AFS:186,0,0.84,5.56,ご覧ください、モニターの中から何か出てきます。あ、プルプルしてる。,"보십시오, 모니터 안에서 뭔가 나옵니다.
아, 부들부들 떨고 있어요.",literal_draft,
voices,VOICEDATA.AFS:186,1,5.98,8.3,何じゃこりゃ！これが奴らのボスか！？,이게 뭐냐! 이게 녀석들의 보스인가!?,literal_draft,
voices,VOICEDATA.AFS:187,0,0,3.2,なんと、今度は分裂しました。ちょっとピンチの予感です。,"놀랍게도 이번에는 분열했습니다.
좀 위태로워질 예감이 듭니다.",literal_draft,
voices,VOICEDATA.AFS:188,0,3.44,5.76,その程度か、チャンネル5。,"그 정도냐, 채널 5.",literal_draft,
voices,VOICEDATA.AFS:188,1,5.96,7.28,しまった、ジャガーに追いつかれた。,"아차, 재규어에게 따라잡혔다.",literal_draft,
voices,VOICEDATA.AFS:188,2,7.8,9.52,逃げるなら今のうちだ。,도망치려면 지금이다.,literal_draft,
voices,VOICEDATA.AFS:188,3,10.06,10.8,負けないわ。,지지 않겠어.,literal_draft,
voices,VOICEDATA.AFS:189,0,0.7,2.94,よし!スクーパーは血取れたぞ!,,needs_listening,
voices,VOICEDATA.AFS:189,1,3.34,4,よくやった、うらら！,"잘했다, 울랄라!",literal_draft,
voices,VOICEDATA.AFS:189,2,5.98,8.38,ご覧のように、宇宙人基地を壊滅しました。,보시는 대로 우주인 기지를 괴멸시켰습니다.,literal_draft,
voices,VOICEDATA.AFS:189,3,9.08,11.02,これで、地球にも平和が訪れるでしょう。,이제 지구에도 평화가 찾아오겠지요.,literal_draft,
voices,VOICEDATA.AFS:189,4,11.58,13.18,以上、秘密基地より、うららが…,"이상, 비밀 기지에서 울랄라가…",literal_draft,
voices,VOICEDATA.AFS:189,5,13.18,14,テレビの様子が変だ！,TV의 상태가 이상하다!,literal_draft,
voices,VOICEDATA.AFS:189,6,18.16,18.72,いや、何？,"아니, 뭐지?",literal_draft,
voices,VOICEDATA.AFS:189,7,21.98,23.46,この映っているもの、何？,화면에 나오는 이건 뭐지?,needs_listening,
voices,VOICEDATA.AFS:189,8,28.04,29.28,これは、洗脳放送？,이건 세뇌 방송?,literal_draft,
voices,VOICEDATA.AFS:189,9,30.02,31.24,テレビを撃つんだ、うらら！,"TV를 쏴라, 울랄라!",literal_draft,
voices,VOICEDATA.AFS:189,10,31.46,32,了解！,알겠습니다!,literal_draft,
voices,VOICEDATA.AFS:189,11,48.18,50.3,奴らも踊らされていたのか？,녀석들도 춤추게 되어 있었던 건가?,literal_draft,
voices,VOICEDATA.AFS:189,12,54.4,56.66,大変！基地が崩れる！みんな逃げて！,큰일이야! 기지가 무너져! 모두 도망쳐!,literal_draft,
voices,VOICEDATA.AFS:190,0,0,3.22,うらら、脱出急げ！宇宙人たちもAボタンビームで救出だ！,"울랄라, 탈출을 서둘러라!
우주인들도 A 버튼 빔으로 구출해라!",literal_draft,
voices,VOICEDATA.AFS:190,1,3.5,3.88,了解！,알겠습니다!,literal_draft,
voices,VOICEDATA.AFS:191,0,0.34,1.72,炎が迫ってるぞ！急げ！,불길이 다가오고 있다! 서둘러!,literal_draft,
voices,VOICEDATA.AFS:192,0,0.32,2.08,さらに炎が迫っているぞ！急げ！,불길이 더 다가오고 있다! 서둘러!,literal_draft,
voices,VOICEDATA.AFS:193,0,0.36,1.8,また一段と炎が迫ってる！,또 한층 더 불길이 다가오고 있다!,literal_draft,
voices,VOICEDATA.AFS:194,0,0.32,1.2,もうすぐ後ろ！,이제 바로 뒤야!,literal_draft,
voices,VOICEDATA.AFS:194,1,1.4,2.4,ちょっと暑いです！,조금 뜨겁습니다!,literal_draft,
voices,VOICEDATA.AFS:194,2,2.58,3.64,こらえろ！出口は近いぞ！,견뎌라! 출구가 가깝다!,literal_draft,
voices,VOICEDATA.AFS:194,3,3.94,4.34,了解！,알겠습니다!,literal_draft,
voices,VOICEDATA.AFS:195,0,0.0,2.0,あらかた脱出！,거의 다 탈출!,needs_listening,
voices,VOICEDATA.AFS:195,1,5.74,12.36,洗脳放送の発信源が特定できたぞ！チャンネル5の周波数と同じはずだ！なぜなら…,"세뇌 방송의 발신원을 알아냈다!
채널 5의 주파수와 같을 것이다! 왜냐하면…",literal_draft,
voices,VOICEDATA.AFS:195,2,12.36,13.66,なんて言った！？,뭐라고 했어!?,literal_draft,
voices,VOICEDATA.AFS:195,3,13.66,15,脱出しまーす！,탈출하겠습니다!,literal_draft,
voices,VOICEDATA.AFS:196,0,0,2,チャンネル5局長のブランクさん、,"채널 5 국장 블랭크 씨,",literal_draft,
voices,VOICEDATA.AFS:196,1,2.36,5.28,罪のないモロ星人を操っていたのは、あなたですね。,죄 없는 모로성인을 조종한 건 당신이군요.,literal_draft,
voices,VOICEDATA.AFS:196,2,8.42,9.6,私の踊りとマイクで、,"내 춤과 마이크로,",literal_draft,
voices,VOICEDATA.AFS:196,3,11.88,13.26,真実を暴いてみせるわ。,진실을 밝혀 보이겠어.,literal_draft,
voices,VOICEDATA.AFS:196,4,19.52,20.48,みなさんこんばんは。,"여러분, 좋은 저녁입니다.",literal_draft,
voices,VOICEDATA.AFS:196,5,20.88,25.24,今夜は宇宙人襲来の真相究明リポートを、とことんお送りしたいと思います。,"오늘 밤은 우주인 습격의 진상 규명 리포트를
끝까지 보내 드리고 싶습니다.",literal_draft,
voices,VOICEDATA.AFS:196,6,25.84,28.44,犯人はどうやら、そこに座っている男のようです。,범인은 아무래도 거기 앉아 있는 남자인 것 같습니다.,literal_draft,
voices,VOICEDATA.AFS:196,7,30.06,31.54,本当に局長が犯人？,정말 국장이 범인인가?,literal_draft,
voices,VOICEDATA.AFS:196,8,31.54,33.96,あなたたちはブランクに操られているのよ。,너희는 블랭크에게 조종당하고 있어.,literal_draft,
voices,VOICEDATA.AFS:196,9,33.96,35.18,目を覚まして！,정신 차려!,literal_draft,
voices,VOICEDATA.AFS:196,10,35.18,37.54,宇宙人にはデラックスAボタンビーム！,우주인에게는 디럭스 A 버튼 빔!,literal_draft,
voices,VOICEDATA.AFS:197,0,0,1,ブランクが逃げたぞ。,블랭크가 도망쳤다.,literal_draft,
voices,VOICEDATA.AFS:197,1,8.46,10.7,注意しろ。警備システムは操作されている。,주의해라. 경비 시스템이 조종당하고 있다.,literal_draft,
voices,VOICEDATA.AFS:197,2,10.9,13.3,了解。警備ロボが踊らされています。,알겠습니다. 경비 로봇이 춤추게 되어 있습니다.,literal_draft,
voices,VOICEDATA.AFS:197,3,16.06,17.06,全力でいけ、うらら！,"전력으로 가라, 울랄라!",literal_draft,
voices,VOICEDATA.AFS:197,4,19.3,20.3,Let's dance!,,english_keep,
voices,VOICEDATA.AFS:198,0,0,1,ブランクが逃げたぞ。,블랭크가 도망쳤다.,literal_draft,
voices,VOICEDATA.AFS:198,1,8.46,10.7,注意しろ。警備システムは操作されている。,주의해라. 경비 시스템이 조종당하고 있다.,literal_draft,
voices,VOICEDATA.AFS:198,2,10.9,14.5,了解。マイケルです。スペースマイケルが踊らされています。,"알겠습니다. 마이클입니다.
스페이스 마이클이 춤추게 되어 있습니다.",literal_draft,
voices,VOICEDATA.AFS:198,3,16.02,17.06,全力でいけ、うらら！,"전력으로 가라, 울랄라!",literal_draft,
voices,VOICEDATA.AFS:198,4,19.32,20.32,Let's dance!,,english_keep,
voices,VOICEDATA.AFS:199,0,0,1.62,ブランクは収録スタジオに逃げたぞ。,블랭크는 녹화 스튜디오로 도망쳤다.,literal_draft,
voices,VOICEDATA.AFS:199,1,1.9,2.2,了解。,알겠습니다.,literal_draft,
voices,VOICEDATA.AFS:199,2,3.52,5.76,はっ、侵入者撃退砲台が並んでるぞ。,"앗, 침입자 격퇴 포대가 늘어서 있다.",literal_draft,
voices,VOICEDATA.AFS:199,3,10,10.58,撃ちます。,쏘겠습니다.,literal_draft,
voices,VOICEDATA.AFS:200,0,0,1.68,ブランクはコントロールルームに逃げたぞ。,블랭크는 컨트롤 룸으로 도망쳤다.,literal_draft,
voices,VOICEDATA.AFS:200,1,1.82,2.1,了解。,알겠습니다.,literal_draft,
voices,VOICEDATA.AFS:200,2,3.5,5.3,はっ、侵入者撃退砲台が並んでるぞ。,"앗, 침입자 격퇴 포대가 늘어서 있다.",literal_draft,
voices,VOICEDATA.AFS:200,3,10,10.58,撃ちます。,쏘겠습니다.,literal_draft,
voices,VOICEDATA.AFS:201,0,0,3,収録スタジオにやってきました。バーチャルニュースセットがあります。,"녹화 스튜디오에 왔습니다.
버추얼 뉴스 세트가 있습니다.",literal_draft,
voices,VOICEDATA.AFS:201,1,11.8,13.74,前方でキャスターが踊らされています。,전방에서 앵커가 춤추게 되어 있습니다.,literal_draft,
voices,VOICEDATA.AFS:201,2,14.28,15.46,ニュースの時間です。,뉴스 시간입니다.,literal_draft,
voices,VOICEDATA.AFS:201,3,15.96,18.78,私たち今、踊らされてまーす！,저희는 지금 춤추게 되어 있어요!,literal_draft,
voices,VOICEDATA.AFS:201,4,19.4,19.9,Let's shoot!,,english_keep,
voices,VOICEDATA.AFS:202,0,0,2.96,ニュースセットが、宇宙人風のセットに切り替わりました。,뉴스 세트가 우주인풍 세트로 바뀌었습니다.,literal_draft,
voices,VOICEDATA.AFS:202,1,5.16,5.8,うらら、行くぞ！,"울랄라, 가자!",literal_draft,
voices,VOICEDATA.AFS:202,2,6.78,7.44,宇宙人、,"우주인,",needs_listening,
voices,VOICEDATA.AFS:202,3,7.7,9.52,ダウンアップクイズ!,,needs_listening,
voices,VOICEDATA.AFS:203,0,0,3.14,俳優でしょうか？スペースクンフーマンが踊らされています。,"배우일까요?
스페이스 쿵후맨이 춤추게 되어 있습니다.",literal_draft,
voices,VOICEDATA.AFS:203,1,3.52,4.04,うらら！,울랄라!,literal_draft,
voices,VOICEDATA.AFS:203,2,4.32,5.3,あちょー！,아쵸!,literal_draft,
voices,VOICEDATA.AFS:203,3,7.64,8.6,Let's dance!,,english_keep,
voices,VOICEDATA.AFS:204,0,0,1.66,次はコントロールルームに向かえ。,다음은 컨트롤 룸으로 가라.,literal_draft,
voices,VOICEDATA.AFS:204,1,1.76,2.14,了解。,알겠습니다.,literal_draft,
voices,VOICEDATA.AFS:204,2,2.28,3.76,あ、局長ブランク。,"아, 블랭크 국장.",literal_draft,
voices,VOICEDATA.AFS:204,3,3.98,5.38,だがその前に、宇宙人接近。,"하지만 그 전에, 우주인 접근.",literal_draft,
voices,VOICEDATA.AFS:204,4,5.76,6.36,行くぞ！,가자!,literal_draft,
voices,VOICEDATA.AFS:204,5,10,10.58,撃ちます！,쏘겠습니다!,literal_draft,
voices,VOICEDATA.AFS:205,0,0,2,コントロールルームにやってきました。,컨트롤 룸에 왔습니다.,literal_draft,
voices,VOICEDATA.AFS:205,1,7.84,8.32,はっ！,앗!,literal_draft,
voices,VOICEDATA.AFS:205,2,8.44,11.3,ブランクは果たしてどこに潜んでいるのでしょうか？,블랭크는 과연 어디에 숨어 있을까요?,literal_draft,
voices,VOICEDATA.AFS:205,3,11.8,13.62,うらら、来るぞ！落ち着いていけ！,"울랄라, 온다! 침착하게 가라!",literal_draft,
voices,VOICEDATA.AFS:205,4,17.68,18.6,Let's dance!,,english_keep,
voices,VOICEDATA.AFS:206,0,0,1,ブランク！,블랭크!,literal_draft,
voices,VOICEDATA.AFS:206,1,3.84,7.48,お前のようなリポーターがうちにいたとはな。,너 같은 리포터가 우리 쪽에 있었다니.,literal_draft,
voices,VOICEDATA.AFS:206,2,7.98,10.84,真実を知りたければ上がってくるがよい。,진실을 알고 싶다면 올라오거라.,literal_draft,
voices,VOICEDATA.AFS:206,3,10.92,11.32,待て！,기다려!,literal_draft,
voices,VOICEDATA.AFS:207,0,0.4,2.08,この上のメインアンテナへ向かえ。,이 위의 메인 안테나로 가라.,literal_draft,
voices,VOICEDATA.AFS:207,1,2.18,3.14,了解。,알겠습니다.,literal_draft,
voices,VOICEDATA.AFS:207,2,3.58,4.92,最後の最後にまだいた！,마지막의 마지막에 아직 있었다!,literal_draft,
voices,VOICEDATA.AFS:207,3,5.48,5.86,行くぞ！,가자!,literal_draft,
voices,VOICEDATA.AFS:207,4,9.98,10.6,撃ちます！,쏘겠습니다!,literal_draft,
voices,VOICEDATA.AFS:208,0,0,0.96,みなさんこんばんは。,"여러분, 좋은 저녁입니다.",literal_draft,
voices,VOICEDATA.AFS:208,1,1.14,4.6,宇宙人の秘密基地が、ここアステロイド地帯にあるという情報をキャッチしました。,"우주인의 비밀 기지가 이 애스터로이드 지대에
있다는 정보를 입수했습니다.",literal_draft,
voices,VOICEDATA.AFS:208,2,4.9,5.46,遅れを取るな！,뒤처지지 마라!,literal_draft,
voices,VOICEDATA.AFS:208,3,5.78,6.74,スクープを持っていかれんなよ！,특종을 빼앗기지 마라!,literal_draft,
voices,VOICEDATA.AFS:208,4,7.1,9.04,ここでは何でもかんでもAボタンビーム！,여기서는 무엇이든 A 버튼 빔!,literal_draft,
voices,VOICEDATA.AFS:209,0,0,11.18,真実を求めすぎるリポーターには、残念だが消えてもらおう。,"진실을 지나치게 추구하는 리포터는,
유감이지만 사라져 줘야겠다.",literal_draft,
voices,VOICEDATA.AFS:209,1,11.48,16.32,リポーターは私のために視聴率さえ稼いでいればよいのだ。,"리포터는 나를 위해
시청률만 벌어 오면 되는 것이다.",literal_draft,
voices,VOICEDATA.AFS:209,2,16.62,17.96,この子のようにな。,이 아이처럼 말이다.,literal_draft,
voices,VOICEDATA.AFS:209,3,18.44,21.26,私はイビラ。完璧なリポーター。,나는 이비라. 완벽한 리포터.,literal_draft,
voices,VOICEDATA.AFS:209,4,21.58,23.08,うららなんかには負けないわ。,울랄라 따위에게는 지지 않겠어.,literal_draft,
voices,VOICEDATA.AFS:209,5,23.48,25.66,魂なきリポーターにうららが負けるか！,영혼 없는 리포터에게 울랄라가 지겠느냐!,literal_draft,
voices,VOICEDATA.AFS:209,6,28.38,29.4,Let's dance!,,english_keep,
voices,VOICEDATA.AFS:210,0,0,3.66,どうした、イビラ？お前は完璧なはずだ！,"왜 그래, 이비라? 너는 완벽할 텐데!",literal_draft,
voices,VOICEDATA.AFS:211,0,0.54,3.36,完璧なリポーターに勝てるものか！,완벽한 리포터에게 이길 수 있겠느냐!,literal_draft,
voices,VOICEDATA.AFS:212,0,0.6,2.62,なかなかいいぞ！その調子だ！,제법 좋아! 그 기세다!,literal_draft,
voices,VOICEDATA.AFS:212,1,3.78,5.12,私が踊りに負けるもんか！,내가 춤에 지겠느냐!,literal_draft,
voices,VOICEDATA.AFS:213,0,0.4,3.54,くぅー！手強い！うらら、頑張れ！,"크으! 만만치 않군! 울랄라, 힘내라!",literal_draft,
voices,VOICEDATA.AFS:213,1,3.78,5.08,私が踊りに負けるもんか！,내가 춤에 지겠느냐!,literal_draft,
voices,VOICEDATA.AFS:214,0,0.36,3.18,ただの操り人形に、リポートは無理だったようね。,"한낱 꼭두각시에게는
리포트가 무리였나 보네.",needs_listening,
voices,VOICEDATA.AFS:214,1,3.66,6.5,うわっ、うらら、助けてくれ！,"으악, 울랄라, 구해 줘!",literal_draft,
voices,VOICEDATA.AFS:214,2,11.8,13.56,消えてもらうと言ったはずだ。,사라져 달라고 했을 텐데.,literal_draft,
voices,VOICEDATA.AFS:214,3,15.8,16.36,ビエット!,,needs_listening,
voices,VOICEDATA.AFS:215,0,0,4.22,うらら、厄介な状況だ。指示とは逆方向に入力してからAボタンビーム。,"울랄라, 곤란한 상황이다.
지시와 반대 방향을 입력한 뒤 A 버튼 빔.",literal_draft,
voices,VOICEDATA.AFS:215,1,4.52,6.14,了解。左と言われたら右ですね。,알겠습니다. 왼쪽이라고 하면 오른쪽이군요.,literal_draft,
voices,VOICEDATA.AFS:216,0,0,3,視聴率が上がればいいんだ！,시청률이 오르면 되는 거야!,literal_draft,
voices,VOICEDATA.AFS:216,1,5.18,6.3,プリン！,푸딩!,literal_draft,
voices,VOICEDATA.AFS:217,0,0,2.56,真実など知らないのだ！,진실 따위 모른다!,literal_draft,
voices,VOICEDATA.AFS:217,1,5.36,5.94,違う！,아니야!,literal_draft,
voices,VOICEDATA.AFS:218,0,0.52,1.98,キャー！,꺄악!,literal_draft,
voices,VOICEDATA.AFS:218,1,19.36,22.2,うらら、よく頑張ったな。もう一人じゃないぞ。,"울랄라, 잘 견뎠구나.
이젠 혼자가 아니야.",literal_draft,
voices,VOICEDATA.AFS:218,2,22.66,24.08,じゃ、ジャガー。,"재, 재규어.",literal_draft,
voices,VOICEDATA.AFS:219,0,0,3.28,サ、サウンドシステムが、曲が！,"사, 사운드 시스템이, 음악이!",literal_draft,
voices,VOICEDATA.AFS:219,1,5.46,7.18,キャー！,꺄악!,literal_draft,
voices,VOICEDATA.AFS:219,2,24.1,27.04,うらら、よく頑張ったな。もう一人じゃないぞ。,"울랄라, 잘 견뎠구나.
이젠 혼자가 아니야.",literal_draft,
voices,VOICEDATA.AFS:219,3,27.5,28.48,じゃ、ジャガー。,"재, 재규어.",literal_draft,
voices,VOICEDATA.AFS:220,0,3.2,4.66,視聴率こそ我が命。,시청률이야말로 내 목숨.,literal_draft,
voices,VOICEDATA.AFS:220,1,4.98,7.34,視聴率こそ我が人生そのもの。,시청률이야말로 내 인생 그 자체.,literal_draft,
voices,VOICEDATA.AFS:220,2,7.84,10.86,洗脳放送で宇宙人を操って何が悪い！,세뇌 방송으로 우주인을 조종해서 뭐가 나쁘냐!,literal_draft,
voices,VOICEDATA.AFS:220,3,11.74,13.84,全ては視聴率のために！,모든 것은 시청률을 위해!,literal_draft,
voices,VOICEDATA.AFS:220,4,14.96,16.38,お聞きいただけたでしょうか？,들으셨습니까?,literal_draft,
voices,VOICEDATA.AFS:220,5,16.94,19.36,今回の騒動の黒幕が自ら白状しました。,이번 소동의 흑막이 스스로 자백했습니다.,literal_draft,
voices,VOICEDATA.AFS:220,6,20.1,22.46,はっ！テレビ事故発生！,앗! TV 사고 발생!,literal_draft,
voices,VOICEDATA.AFS:220,7,22.54,23.3,ふぅーっ!,,needs_listening,
voices,VOICEDATA.AFS:221,0,0,1.06,うらら、がんばれ！,"울랄라, 힘내라!",literal_draft,
voices,VOICEDATA.AFS:222,0,1.96,4.14,みんな行くよー！,모두 가자!,literal_draft,
voices,VOICEDATA.AFS:223,0,0.68,1.54,し、市長!,,needs_listening,
voices,VOICEDATA.AFS:223,1,2.94,5.9,今だ！みんなの踊りエネルギーをアンテナに集めるんだ！,"지금이다! 모두의 춤 에너지를
안테나에 모아라!",literal_draft,
voices,VOICEDATA.AFS:223,2,6.14,6.88,了解！,알겠습니다!,literal_draft,
voices,VOICEDATA.AFS:223,3,7.24,9,ブランク、悪さが過ぎたようね。,"블랭크, 나쁜 짓이 지나쳤나 보네.",literal_draft,
voices,VOICEDATA.AFS:223,4,10.44,12.24,真実を歪める奴は許さん！,진실을 왜곡하는 녀석은 용서 못 한다!,literal_draft,
voices,VOICEDATA.AFS:223,5,13.34,16.14,リポーターを道具扱いする奴も許せない！,리포터를 도구 취급하는 녀석도 용서 못 해!,literal_draft,
voices,VOICEDATA.AFS:223,6,20.7,22.32,さあ、みんなで一緒に決めるわよ！,"자, 모두 함께 마무리하자!",literal_draft,
voices,VOICEDATA.AFS:223,7,23.38,24.82,タイミングを外すなよ！,타이밍을 놓치지 마라!,literal_draft,
voices,VOICEDATA.AFS:223,8,30,30.64,撃ちます！,쏘겠습니다!,literal_draft,
voices,VOICEDATA.AFS:224,0,0.36,5.0,また来週ー！,다음 주에 또!,literal_draft,
voices,VOICEDATA.AFS:224,1,5.1,7.74,モロ星人の疑いが晴れて、よかったですね。,"모로성인의 혐의가 풀려서, 다행이네요.",literal_draft,
voices,VOICEDATA.AFS:224,2,8.72,13.52,以上、モロ星人襲来の真相究明リポートを、うららがお届けしました。,"이상, 모로성인 습격의 진상 규명 리포트를
울랄라가 전해 드렸습니다.",literal_draft,
voices,VOICEDATA.AFS:224,3,14.34,16.24,スペースチャンネル5。,스페이스 채널 5.,literal_draft,
voices,VOICEDATA.AFS:224,4,16.88,18.18,銀河一よかったぞ、うらら！,"은하에서 가장 좋았다, 울랄라!",literal_draft,
voices,VOICEDATA.AFS:224,5,18.72,21.18,さあみんな、銀河の果てまで行進よ！,"자, 모두 은하 끝까지 행진이야!",literal_draft,
voices,VOICEDATA.AFS:225,0,0,2,覚えてろー！,기억해 둬!,needs_listening,
voices,VOICEDATA.AFS:225,1,5.1,7.82,モロ星人の疑いが晴れて、よかったですね。,"모로성인의 혐의가 풀려서, 다행이네요.",literal_draft,
voices,VOICEDATA.AFS:225,2,8.72,13.52,以上、モロ星人襲来の真相究明リポートを、うららがお届けしました。,"이상, 모로성인 습격의 진상 규명 리포트를
울랄라가 전해 드렸습니다.",literal_draft,
voices,VOICEDATA.AFS:225,3,14.34,16.26,スペースチャンネル5。,스페이스 채널 5.,literal_draft,
voices,VOICEDATA.AFS:225,4,16.92,18.12,銀河一よかったぞ、うらら！,"은하에서 가장 좋았다, 울랄라!",literal_draft,
voices,VOICEDATA.AFS:225,5,18.72,21.18,さあみんな、銀河の果てまで行進よ！,"자, 모두 은하 끝까지 행진이야!",literal_draft,
voices,VOICEDATA.AFS:226,0,0.0,8.14,スペースペースポート。,,asr_draft,
voices,VOICEDATA.AFS:227,0,10.18,11.78,スペースチャンネル5。スペースポート。,,asr_draft,
voices,VOICEDATA.AFS:228,0,1.44,4.08,スペースポート。,,asr_draft,
voices,VOICEDATA.AFS:228,1,4.08,7.12,スペースポート。,,asr_draft,
voices,VOICEDATA.AFS:228,2,7.12,7.44,スペースポート。,,asr_draft,
voices,VOICEDATA.AFS:229,0,0.56,5.16,スペースチャンネル5。うらら、ヒューズ、モロ星人、スペースポート。,,asr_draft,
voices,VOICEDATA.AFS:230,0,0,1.06,はい、カット！,"좋아, Cut!",literal_draft,
voices,VOICEDATA.AFS:231,0,0,1.62,結構いけるじゃん！,꽤 잘하잖아!,literal_draft,
voices,VOICEDATA.AFS:232,0,0,0.94,よし、いいぞ！,"좋아, 잘한다!",literal_draft,
voices,VOICEDATA.AFS:233,0,0,0.9,いいね！,좋네!,literal_draft,
voices,VOICEDATA.AFS:234,0,0,1.24,いいじゃん！いいじゃん！,좋잖아! 좋잖아!,literal_draft,
voices,VOICEDATA.AFS:235,0,0,0.9,頑張れ、うらら！,"힘내라, 울랄라!",literal_draft,
voices,VOICEDATA.AFS:236,0,0,0.7,いいぞ、うらら！,"좋아, 울랄라!",literal_draft,
voices,VOICEDATA.AFS:237,0,0,0.78,うらら、頑張れ！,"울랄라, 힘내라!",literal_draft,
voices,VOICEDATA.AFS:238,0,0,1.5,ネバーギブアップだ、うらら！,"Never give up, 울랄라!",literal_draft,
voices,VOICEDATA.AFS:239,0,0,1.4,うらら、ネバーギブアップだ！,"울랄라, Never give up이야!",literal_draft,
voices,VOICEDATA.AFS:240,0,0,0.76,負けるな、うらら！,"지지 마라, 울랄라!",literal_draft,
voices,VOICEDATA.AFS:241,0,0,0.76,頼むぞ、うらら！,"부탁한다, 울랄라!",literal_draft,
voices,VOICEDATA.AFS:242,0,0,0.84,うらら、負けるな！,"울랄라, 지지 마라!",literal_draft,
voices,VOICEDATA.AFS:243,0,0.32,1.9,あれ？番組打ち切り？,어라? 방송 중단?,literal_draft,
voices,VOICEDATA.AFS:244,0,0.42,1.96,よし、うらら続投！,"좋아, 울랄라 계속 출연!",literal_draft,
voices,VOICEDATA.AFS:245,0,0,0.74,うらら、降板！,"울랄라, 하차!",literal_draft,
voices,VOICEDATA.AFS:246,0,0,1.16,いいじゃなーい！,좋잖아!,literal_draft,
voices,VOICEDATA.AFS:247,0,0.0,1.42,マレー、イッ!,,asr_draft,
voices,VOICEDATA.AFS:248,0,0,3.3,キャー！お姉ちゃん助けてー！,"꺄악! 언니, 구해 줘!",literal_draft,
voices,VOICEDATA.AFS:248,1,3.3,5.14,小学生にはBボタンビームで救出だ！,초등학생은 B 버튼으로 빔을 쏴 구출해라!,literal_draft,
voices,VOICEDATA.AFS:249,0,0,1.78,ふっ、なかなかやるな。,"훗, 제법 하는군.",literal_draft,
voices,VOICEDATA.AFS:249,1,1.8,3.78,リポート見るなら42チャン！,리포트를 보려면 채널 42!,literal_draft,
voices,VOICEDATA.AFS:249,2,3.94,4.74,プリンに先を越された！,푸딩에게 선수를 빼앗겼다!,literal_draft,
voices,VOICEDATA.AFS:250,0,0.0,4.98,うそ！,거짓말!,needs_listening,
videos,OP.SFD,0,6.9,8.06,こちらチャンネル5。,여기는 채널 5.,literal_draft,
videos,OP.SFD,1,8.44,10.66,スペースシップ遭難事故の行方不明者、,"우주선 조난 사고의 실종자,",literal_draft,
videos,OP.SFD,2,11.04,12.2,最後の一人を発見しました。,마지막 한 명을 발견했습니다.,literal_draft,
videos,OP.SFD,3,15.18,16.42,よく頑張ったな。,잘 견뎠구나.,literal_draft,
videos,OP.SFD,4,16.6,17.52,もう一人じゃないぞ。,이젠 혼자가 아니야.,literal_draft,
videos,OP.SFD,5,26.7,29.3,以上、ポイント2704より。,"이상, 지점 2704에서.",literal_draft,
videos,OP.SFD,6,110.7,112.2,スペースポートで事件だ。,스페이스포트에서 사건이다.,literal_draft,
videos,OP.SFD,7,112.6,115.02,宇宙人が人々を踊らせているという情報が入った。,"우주인이 사람들을 춤추게 하고 있다는
정보가 들어왔다.",literal_draft,
videos,OP.SFD,8,115.62,117.48,うらら、アストロビート号で発進するぞ。,"울랄라, 아스트로 비트호로 출발한다.",literal_draft,
videos,OP.SFD,9,118.18,118.56,了解。,알겠습니다.,literal_draft,
videos,R1_MAKUMA.SFD,0,3.45,13.05,うらら登場！の巻,울랄라 등장! 편,literal_draft,
videos,R2_MAKUMA.SFD,0,3.45,13.5,スペースシップ S.O.S！の巻,우주선 S.O.S! 편,literal_draft,
videos,R3_MAKUMA.SFD,0,3.3,13.65,突撃！スクープ争奪戦！の巻,돌격! 특종 쟁탈전! 편,literal_draft,
videos,R4_MAKUMA.SFD,0,0.167,2.337,え！？我々って洗脳されてるモロ？,어!? 우리 세뇌당하고 있는 거야 모로?,literal_draft,
videos,R4_MAKUMA.SFD,1,2.5364,4.9392,そうなのモロか！？,그런 거야 모로!?,literal_draft,
videos,R4_MAKUMA.SFD,2,9.1102,11.2124,ワ、ワタシに聞かれましてモロ…,"저, 저한테 물으셔도 모로…",literal_draft,
videos,R4_MAKUMA.SFD,3,12.68,14.7154,む、そうだモロよな。うん…,"음, 그렇지 모로. 응…",literal_draft,
videos,R4_MAKUMA.SFD,4,19.9542,21.9896,多分そんなコト無いモロよなあ…,아마 그런 일은 없겠지 모로…,literal_draft,
videos,R4_MAKUMA.SFD,5,27.7284,29.7304,次の作戦、いくモロ！,"다음 작전, 간다 모로!",literal_draft,
videos,R4_MAKUMA.SFD,6,29.7304,32.3336,やはり理論先行の作戦は,역시 이론이 앞서는 작전은,literal_draft,
videos,R4_MAKUMA.SFD,7,32.3336,34.8022,我々に向かないのではと考え,우리에게 맞지 않는 게 아닐까 생각해서,literal_draft,
videos,R4_MAKUMA.SFD,8,34.8022,37.4388,欲望の赴くままに　最初にまず,"욕망이 이끄는 대로, 제일 먼저",literal_draft,
videos,R4_MAKUMA.SFD,9,37.4388,40.0076,メカをつくってみたモロ。,메카를 만들어 봤다 모로.,literal_draft,
videos,R4_MAKUMA.SFD,10,40.4084,42.9772,なかなかいいモロね,제법 괜찮네 모로,literal_draft,
videos,R4_MAKUMA.SFD,11,48.1493,53.94,こんなカタチになった…モロ！？,이런 모양이 됐다… 모로!?,literal_draft,
videos,R4_MAKUMA_1.SFD,0,3.15,14.7,銀河最大の悪を暴け！の巻,은하 최대의 악을 밝혀라! 편,literal_draft,
image_text,0GDTEX.PVR,0,,,スペースチャンネル,스페이스 채널,edited,
image_text,COMMON_DATA.PVM:114,0,,,ノルマシチョーリツ,목표 시청률,edited,
image_text,COMMON_DATA.PVM:114,1,,,レスキュータッセーリツ,구조 달성률,edited,
image_text,COMMON_DATA.PVM:114,2,,,サイコー!シチョーリツ,최고! 시청률,edited,
image_text,COMMON_DATA.PVM:114,3,,,サイシュー・シチョーリツ,최종 시청률,edited,
image_text,COMMON_DATA.PVM:114,4,,,ヨソー・シチョーリツ,예상 시청률,edited,
image_text,COMMON_DATA.PVM:114,5,,,シチョーリツ,시청률,edited,
image_text,COMMON_DATA.PVM:114,6,,,ジャガー,재규어,edited,
image_text,COMMON_DATA.PVM:114,7,,,プリン,푸딩,edited,
image_text,COMMON_DATA.PVM:114,8,,,ブランク,블랭크,edited,
image_text,COMMON_DATA.PVM:115,0,,,ウララ,울랄라,edited,
image_text,COMMON_DATA.PVM:115,1,,,モロ星人,모로성인,edited,
image_text,COMMON_DATA.PVM:291,0,,,コントローラが抜けているか,컨트롤러가 빠져 있거나,edited,
image_text,COMMON_DATA.PVM:291,1,,,ビジュアルメモリの認識中モロ。,비주얼 메모리를 인식 중 모로.,edited,
image_text,COMMON_DATA.PVM:291,2,,,セーブするには５ブロックの空きがある,저장하려면 5블록의 빈 공간이 있는,edited,
image_text,COMMON_DATA.PVM:291,3,,,ビジュアルメモリが必要モロ。,비주얼 메모리가 필요 모로.,edited,
image_text,COMMON_DATA.PVM:291,4,,,ゲームを続けるにはＢボタンを押すモロ。,게임을 계속하려면 B 버튼을 눌러 모로.,edited,
image_text,COMMON_DATA.PVM:291,5,,,ファイルを上書きするならＡボタン、,"파일을 덮어쓰려면 A 버튼,",edited,
image_text,COMMON_DATA.PVM:291,6,,,ゲームを続けるにはＢボタンを押すモロ。,게임을 계속하려면 B 버튼을 눌러 모로.,edited,
image_text,COMMON_DATA.PVM:291,7,,,記録を正しく読み込むことが,기록을 올바르게 불러오지,edited,
image_text,COMMON_DATA.PVM:291,8,,,できなかったモロ。,못했다 모로.,edited,
image_text,COMMON_DATA.PVM:291,9,,,このセーブファイルは,이 저장 파일은,edited,
image_text,COMMON_DATA.PVM:291,10,,,使用できないモロ。,사용할 수 없다 모로.,edited,
image_text,COMMON_DATA.PVM:291,11,,,記録を正しく保存することが,기록을 올바르게 저장하지,edited,
image_text,COMMON_DATA.PVM:291,12,,,できなかったモロ。,못했다 모로.,edited,
image_text,COMMON_DATA.PVM:291,13,,,この記録は無効となるモロ。,이 기록은 무효가 된다 모로.,edited,
image_text,COMMON_DATA.PVM:291,14,,,ファイルロードできる,불러올 수 있는,edited,
image_text,COMMON_DATA.PVM:291,15,,,セーブファイルがないモロ。,저장 파일이 없다 모로.,edited,
image_text,COMMON_DATA.PVM:291,16,,,電源を切っちゃだめモロ。,전원을 끄면 안 된다 모로.,edited,
image_text,R11.PVM:000,0,,,ニュース速報,뉴스 속보,edited,
image_text,R11.PVM:000,1,,,宇宙人の動きをマネるのが有効！,외계인 동작을 따라 하면 효과적!,edited,
image_text,R11.PVM:000,2,,,「チュー」といったらＡボタン！,「츄」라고 하면 A 버튼!,edited,
image_text,R11.PVM:000,3,,,宇宙人にはＡボタンビームが有効,외계인에게는 A 버튼 빔이 효과적,edited,
image_text,R11.PVM:000,4,,,地球人にはＢボタンビームが有効,지구인에게는 B 버튼 빔이 효과적,edited,
image_text,R11.PVM:000,5,,,踊らされた,춤추게 된,edited,
image_text,R11.PVM:000,6,,,『スペース　ニホン人』,『스페이스 일본인』,edited,
image_text,R12.PVM:001,0,,,踊らされた,춤추게 된,edited,
image_text,R12.PVM:001,1,,,『スペース犬』,『스페이스 개』,edited,
image_text,R13.PVM:000,0,,,踊らされた,춤추게 된,edited,
image_text,R13.PVM:000,1,,,『スペースサラリーマン』,『스페이스 샐러리맨』,edited,
image_text,R13.PVM:000,2,,,踊らされた,춤추게 된,edited,
image_text,R13.PVM:000,3,,,『ハードセクシーマン』,『하드 섹시맨』,edited,
image_text,R14.PVM:000,0,,,チャンネル４２『プリン』,채널 42『푸딩』,edited,
image_text,R14.PVM:000,1,,,プリン　ｗｉｔｈ,푸딩 with,edited,
image_text,R14.PVM:000,2,,,親衛隊＆ギターマン,친위대 & 기타맨,edited,
image_text,R15.PVM:137,0,,,侵略舞踏メカ,침략 무도 메카,edited,
image_text,R15.PVM:137,1,,,『ココ★タピオカ』,『코코★타피오카』,edited,
image_text,R21.PVM:000,0,,,踊らされた,춤추게 된,edited,
image_text,R21.PVM:000,1,,,『スペースシップキャプテン』,『스페이스십 캡틴』,edited,
image_text,R22.PVM:004,0,,,踊らされた,춤추게 된,edited,
image_text,R22.PVM:004,1,,,『スペースレスキュウポリス』,『스페이스 구조 경찰』,edited,
image_text,R23.PVM:001,0,,,踊らされた,춤추게 된,edited,
image_text,R23.PVM:001,1,,,『スペーススーパーモデル』,『스페이스 슈퍼모델』,edited,
image_text,R23.PVM:001,2,,,踊らされた,춤추게 된,edited,
image_text,R23.PVM:001,3,,,『スペースおばあちゃん』,『스페이스 할머니』,edited,
image_text,R23.PVM:001,4,,,宇宙海賊放送艇,우주 해적 방송선,edited,
image_text,R23.PVM:001,5,,,『バッドチューニング号』,『배드 튜닝호』,edited,
image_text,R23.PVM:001,6,,,リポーター『ジャガー』,리포터『재규어』,edited,
image_text,R23.PVM:001,7,,,ジャガー　ｗｉｔｈ,재규어 with,edited,
image_text,R23.PVM:001,8,,,宇宙海賊＆ブラスマン,우주 해적 & 브라스맨,edited,
image_text,R23.PVM:001,9,,,ニュース速報,뉴스 속보,edited,
image_text,R23.PVM:001,10,,,各方向に出現する集団は,각 방향에 나타나는 무리는,edited,
image_text,R23.PVM:001,11,,,左のヤツから撃ってくるぞ,왼쪽 놈부터 쏴 온다,edited,
image_text,R24.PVM:174,0,,,ニュース速報,뉴스 속보,edited,
image_text,R24.PVM:174,1,,,スペース小学生にはＢボタンが有効,스페이스 초등학생에겐 B 버튼이 유효,edited,
image_text,R24.PVM:174,2,,,重力発生装置が破壊されました,중력 발생 장치가 파괴되었습니다,edited,
image_text,R24.PVM:174,3,,,えっちな舞踏メカ,야한 무도 메카,edited,
image_text,R24.PVM:174,4,,,『モロリ〜ナ』,『모로리~나』,edited,
image_text,R2_MAKUMA.PVR,0,,,あまり踊らせられなかったモロ！,그다지 춤추게 하지 못했다 모로!,edited,
image_text,R2_MAKUMA.PVR,1,,,なんか邪魔も入ったモロ！,뭔가 방해도 있었다 모로!,edited,
image_text,R2_MAKUMA.PVR,2,,,そ、その件につきましては…,"그, 그 건에 관해서는…",edited,
image_text,R2_MAKUMA.PVR,3,,,言い訳はいいモロ！,변명은 됐다 모로!,edited,
image_text,R2_MAKUMA.PVR,4,,,次の作戦を言うモロ？,다음 작전 말하나 모로?,edited,
image_text,R2_MAKUMA.PVR,5,,,は、はいモロ！,"예, 예 모로!",edited,
image_text,R2_MAKUMA.PVR,6,,,今回の敗北原因がーー,이번 패배 원인이——,edited,
image_text,R2_MAKUMA.PVR,7,,,あまりにも「正直すぎた」のでは？,너무나도 「지나치게 정직했던」 게 아닐까?,edited,
image_text,R2_MAKUMA.PVR,8,,,という分析結果を考慮し…,라는 분석 결과를 고려해…,edited,
image_text,R2_MAKUMA.PVR,9,,,「卑劣で卑怯、けど優雅」という,"「비열하고 비겁하지만, 우아하다」는",edited,
image_text,R2_MAKUMA.PVR,10,,,コンセプトの作戦を練ったモロ。,콘셉트의 작전을 짰다 모로.,edited,
image_text,R2_MAKUMA.PVR,11,,,いいモロね,좋네 모로,edited,
image_text,R2_MAKUMA.PVR,12,,,そのための舞踏メカはこちらモロ,그걸 위한 무도 메카는 이쪽 모로,edited,
image_text,R2_MAKUMA.PVR,13,,,おおーーっ,오오——!,edited,
image_text,R31.PVM:060,0,,,ニュース速報,뉴스 속보,edited,
image_text,R31.PVM:060,1,,,なんでもかんでもＡボタンビーム,무엇이든 A 버튼 빔,edited,
image_text,R32.PVM:060,0,,,緊急警告,긴급 경고,edited,
image_text,R32.PVM:060,1,,,部屋を明るくしてＴＶから離れてね,방을 밝게 하고 TV에서 떨어져 있어,edited,
image_text,R32.PVM:060,2,,,踊らされた『プリン』,춤추게 된『푸딩』,edited,
image_text,R33.PVM:145,0,,,ニュース速報,뉴스 속보,edited,
image_text,R33.PVM:145,1,,,モニタをよく見て撃ち分けよう！,모니터를 잘 보고 구별해서 쏘자!,edited,
image_text,R33.PVM:145,2,,,宇宙人は洗脳されていたと判明。,외계인이 세뇌당했음이 밝혀짐.,edited,
image_text,R33.PVM:145,3,,,その背後に黒幕がいる模様です。,그 배후에 흑막이 있는 듯합니다.,edited,
image_text,R33.PVM:145,4,,,最強舞踏メカ,최강 무도 메카,edited,
image_text,R33.PVM:145,5,,,『モロリン！モンロー！』,『모로린! 몬로!』,edited,
image_text,R33.PVM:145,6,,,「踊らせろ！踊らせろ！」,「춤추게 해라! 춤추게 해라!」,edited,
image_text,R33.PVM:145,7,,,「地球人を　踊らせろ！」,「지구인을 춤추게 해라!」,edited,
image_text,R34.PVM:015,0,,,緊急警告,긴급 경고,edited,
image_text,R34.PVM:015,1,,,部屋を明るくしてＴＶから離れてね,방을 밝게 하고 TV에서 떨어져 있어,edited,
image_text,R34.PVM:015,2,,,楽器ビト『タイコマン』,악기인『타이코맨』,edited,
image_text,R3_MAKUMA.PVR,0,,,やばいモロ！,큰일이다 모로!,edited,
image_text,R3_MAKUMA.PVR,1,,,ＵＦＯが追跡されて,UFO가 추적당해서,edited,
image_text,R3_MAKUMA.PVR,2,,,秘密基地の位置がばれたモロ！！,비밀 기지의 위치가 들켰다 모로!!,edited,
image_text,R3_MAKUMA.PVR,3,,,そ、その件につきましては…,"그, 그 건에 관해서는…",edited,
image_text,R3_MAKUMA.PVR,4,,,言い訳はいいモロ！,변명은 됐다 모로!,edited,
image_text,R3_MAKUMA.PVR,5,,,対応策を言えモロ？,대응책을 말해라 모로?,edited,
image_text,R3_MAKUMA.PVR,6,,,は、はいモロ！,"예, 예 모로!",edited,
image_text,R3_MAKUMA.PVR,7,,,すでに、あの秘密基地周辺に,이미 그 비밀 기지 주변에,edited,
image_text,R3_MAKUMA.PVR,8,,,「隕石型踊らせミサイル」を、,"「운석형 춤추게 하는 미사일」을,",edited,
image_text,R3_MAKUMA.PVR,9,,,基地内部通路に「精鋭部隊」を,기지 내부 통로에 「정예 부대」를,edited,
image_text,R3_MAKUMA.PVR,10,,,そしてとどめの中心部には,그리고 결정타인 중심부에는,edited,
image_text,R3_MAKUMA.PVR,11,,,最強の舞踏メカを配備したモロ,최강 무도 메카를 배치했다 모로,edited,
image_text,R3_MAKUMA.PVR,12,,,なかなかいいモロね,제법 괜찮네 모로,edited,
image_text,R3_MAKUMA.PVR,13,,,ちなみに最強舞踏メカはこちらモロ,참고로 최강 무도 메카는 이쪽 모로,edited,
image_text,R3_MAKUMA.PVR,14,,,ひょーーう,효오오,edited,
image_text,R41.PVM:000,0,,,ニュース速報,뉴스 속보,edited,
image_text,R41.PVM:000,1,,,宇宙人には、,"외계인에게는,",edited,
image_text,R41.PVM:000,2,,,デラックスＡボタンビーム！！,디럭스 A 버튼 빔!!,edited,
image_text,R41.PVM:000,3,,,スペースチャンネル５局長,스페이스 채널 5 국장,edited,
image_text,R41.PVM:000,4,,,『ブランク』,『블랭크』,edited,
image_text,R41.PVM:000,5,,,踊らされた,춤추게 된,edited,
image_text,R41.PVM:000,6,,,『チャンネル５警備ロボ』,『채널 5 경비 로봇』,edited,
image_text,R41.PVM:000,7,,,踊らされた,춤추게 된,edited,
image_text,R41.PVM:000,8,,,『スペースマイケル（本人）』,『스페이스 마이클(본인)』,edited,
image_text,R42.PVM:000,0,,,踊らされた,춤추게 된,edited,
image_text,R42.PVM:000,1,,,『スペースクンフーマン』,『스페이스 쿵후맨』,edited,
image_text,R43.PVM:000,0,,,踊らされた,춤추게 된,edited,
image_text,R43.PVM:000,1,,,『キーボードギャル』,『키보드 걸』,edited,
image_text,R44.PVM:115,0,,,ニュース速報,뉴스 속보,edited,
image_text,R44.PVM:115,1,,,ディレクターが宇宙中継艇ごと,디렉터가 우주 중계정째로,edited,
image_text,R44.PVM:115,2,,,捕まった模様,잡힌 듯함,edited,
image_text,R44.PVM:115,3,,,続報,속보,edited,
image_text,R44.PVM:115,4,,,指示とは逆方向に入力してから,지시와 반대 방향을 입력한 뒤,edited,
image_text,R44.PVM:115,5,,,Ａボタンビーム！,A 버튼 빔!,edited,
image_text,R44.PVM:115,6,,,うららの顔マークには,울랄라 얼굴 표식에는,edited,
image_text,R44.PVM:115,7,,,Ｂボタンビーム！,B 버튼 빔!,edited,
image_text,R44.PVM:115,8,,,パーフェクトリポーター,퍼펙트 리포터,edited,
image_text,R44.PVM:115,9,,,『イビラ』,『이비라』,edited,
image_text,R44.PVM:115,10,,,『ジャイアントイビラ』,『자이언트 이비라』,edited,
image_text,R44.PVM:115,11,,,格闘球技舞踏メカ,격투 구기 무도 메카,edited,
image_text,R44.PVM:115,12,,,『ブランクＴＶ』,『블랭크 TV』,edited,
image_text,R44.PVM:115,13,,,あやつるなんて非道いモロ！,조종하다니 잔인해 모로!,edited,
image_text,R45.PVM:084,0,,,ニュース速報,뉴스 속보,edited,
image_text,R45.PVM:084,1,,,ディレクターが宇宙中継艇ごと,디렉터가 우주 중계정째로,edited,
image_text,R45.PVM:084,2,,,捕まった模様,잡힌 듯함,edited,
image_text,R45.PVM:084,3,,,続報,속보,edited,
image_text,R45.PVM:084,4,,,指示とは逆方向に入力してから,지시와 반대 방향을 입력한 뒤,edited,
image_text,R45.PVM:084,5,,,Ａボタンビーム！,A 버튼 빔!,edited,
image_text,R45.PVM:084,6,,,うららの顔マークには,울랄라 얼굴 표식에는,edited,
image_text,R45.PVM:084,7,,,Ｂボタンビーム！,B 버튼 빔!,edited,
image_text,R45.PVM:084,8,,,パーフェクトリポーター,퍼펙트 리포터,edited,
image_text,R45.PVM:084,9,,,『イビラ』,『이비라』,edited,
image_text,R45.PVM:084,10,,,『ジャイアントイビラ』,『자이언트 이비라』,edited,
image_text,R45.PVM:084,11,,,格闘球技舞踏メカ,격투 구기 무도 메카,edited,
image_text,R45.PVM:084,12,,,『ブランクＴＶ』,『블랭크 TV』,edited,
image_text,R45.PVM:084,13,,,あやつるなんて非道いモロ！,조종하다니 잔인해 모로!,edited,
image_text,ROLL.PVM:008,0,,,,KOREAN LOCALIZATION BY GIKAKNO,edited,
image_text,TITLE.PVM:080,0,,,スペースチャンネル,스페이스 채널,edited,
image_text,TITLE.PVM:081,0,,,スペースチャンネル,스페이스 채널,edited,
image_text,TITLE.PVM:084,0,,,スペースチャンネル,스페이스 채널,edited,
image_text,TITLE.PVM:088,0,,,せつめいしょみるか,설명서를 보거나,edited,
image_text,TITLE.PVM:088,1,,,ともだちに,친구에게,edited,
image_text,TITLE.PVM:088,2,,,きくモロ～,물어봐 모로~,edited,
image_text,TITLE.PVM:090,0,,,メインキャラ,주요 캐릭터,edited,
image_text,TITLE.PVM:090,1,,,チキュージン,지구인,edited,
image_text,TITLE.PVM:090,2,,,オドリビト,춤추는 사람,edited,
image_text,TITLE.PVM:090,3,,,ガッキビト,악기인,edited,
image_text,TITLE.PVM:090,4,,,モロセイジン,모로성인,edited,
image_text,TITLE.PVM:090,5,,,ボスキャラ,보스 캐릭터,edited,
animation_text,SANDATA_R4.AFS:006,0,,,スペースチャンネル,스페이스 채널,edited,1
animation_text,SANDATA_R4.AFS:006,1,,,スペースチャンネル,스페이스 채널,edited,2
animation_text,SANDATA_R4.AFS:006,2,,,スペースチャンネル,스페이스 채널,edited,2
animation_text,SANDATA_R4.AFS:006,3,,,スペースチャンネル,스페이스 채널,edited,2
animation_text,SANDATA_R4.AFS:006,4,,,スペースチャンネル,스페이스 채널,edited,3
animation_text,SANDATA_R4.AFS:006,5,,,スペースチャンネル,스페이스 채널,edited,4
animation_text,SANDATA_R4.AFS:006,6,,,スペースチャンネル,스페이스 채널,edited,4
animation_text,SANDATA_R4.AFS:006,7,,,スペースチャンネル,스페이스 채널,edited,4
